School Name,Site Name,Userid,Latitude,Longitude,Elevation,Measured At,Solar Measured At,Solar Noon At,Current Temp,Minimum Temp,Maximum Temp
Lourdes Public Charter School,School Site:ATM-02,,44.7225,-122.6898,188.3,2019-10-19 19:44:41,2019-10-19 11:51:00,2019-10-19 19:55:00,13.4,11.5,17.3
Lourdes Public Charter School,School Site:ATM-02,,44.7225,-122.6898,188.3,2019-10-18 19:44:42,2019-10-18 11:51:00,2019-10-18 19:55:00,16.7,9.1,17.8
Lourdes Public Charter School,School Site:ATM-02,,44.7225,-122.6898,188.3,2019-10-17 19:44:42,2019-10-17 11:50:00,2019-10-17 19:56:00,13.9,12.3,16.7
Lourdes Public Charter School,School Site:ATM-02,,44.7225,-122.6898,188.3,2019-10-16 19:44:52,2019-10-16 11:50:00,2019-10-16 19:56:00,15.3,12.7,21.7
Lourdes Public Charter School,School Site:ATM-02,,44.7225,-122.6898,188.3,2019-10-15 19:44:23,2019-10-15 11:50:00,2019-10-15 19:56:00,21.1,7.0,21.1
Lourdes Public Charter School,School Site:ATM-02,,44.7225,-122.6898,188.3,2019-10-14 19:44:44,2019-10-14 11:50:00,2019-10-14 19:56:00,15.5,6.2,21.3
Lourdes Public Charter School,School Site:ATM-02,,44.7225,-122.6898,188.3,2019-10-13 19:44:40,2019-10-13 11:49:00,2019-10-13 19:57:00,17.4,11.3,17.8
Lourdes Public Charter School,School Site:ATM-02,,44.7225,-122.6898,188.3,2019-10-12 19:44:30,2019-10-12 11:49:00,2019-10-12 19:57:00,16.2,5.1,23.3
Lourdes Public Charter School,School Site:ATM-02,,44.7225,-122.6898,188.3,2019-10-11 19:44:35,2019-10-11 11:49:00,2019-10-11 19:57:00,16.4,3.1,21.2
Lourdes Public Charter School,School Site:ATM-02,,44.7225,-122.6898,188.3,2019-10-10 19:44:33,2019-10-10 11:49:00,2019-10-10 19:57:00,15.0,2.2,16.0
Lourdes Public Charter School,School Site:ATM-02,,44.7225,-122.6898,188.3,2019-10-09 19:44:25,2019-10-09 11:48:00,2019-10-09 19:58:00,14.0,4.5,15.8
Lourdes Public Charter School,School Site:ATM-02,,44.7225,-122.6898,188.3,2019-10-08 19:44:29,2019-10-08 11:48:00,2019-10-08 19:58:00,15.4,12.3,24.4
Lourdes Public Charter School,School Site:ATM-02,,44.7225,-122.6898,188.3,2019-10-07 19:44:54,2019-10-07 11:48:00,2019-10-07 19:58:00,20.1,8.5,23.7
Lourdes Public Charter School,School Site:ATM-02,,44.7225,-122.6898,188.3,2019-10-06 19:44:47,2019-10-06 11:47:00,2019-10-06 19:58:00,16.9,6.4,21.4
Lourdes Public Charter School,School Site:ATM-02,,44.7225,-122.6898,188.3,2019-10-05 19:44:49,2019-10-05 11:47:00,2019-10-05 19:59:00,19.1,7.5,19.3
Lourdes Public Charter School,School Site:ATM-02,,44.7225,-122.6898,188.3,2019-10-04 19:44:42,2019-10-04 11:47:00,2019-10-04 19:59:00,17.6,10.6,20.1
Lourdes Public Charter School,School Site:ATM-02,,44.7225,-122.6898,188.3,2019-10-03 19:45:14,2019-10-03 11:47:00,2019-10-03 19:59:00,19.3,11.1,19.3
Lourdes Public Charter School,School Site:ATM-02,,44.7225,-122.6898,188.3,2019-10-02 19:45:00,2019-10-02 11:46:00,2019-10-02 20:00:00,16.9,5.0,20.4
Lourdes Public Charter School,School Site:ATM-02,,44.7225,-122.6898,188.3,2019-09-29 19:45:45,2019-09-29 11:46:00,2019-09-29 20:01:00,16.2,6.8,18.8
Lourdes Public Charter School,School Site:ATM-02,,44.7225,-122.6898,188.3,2019-09-28 19:45:13,2019-09-28 11:45:00,2019-09-28 20:01:00,14.5,9.5,22.2
Lourdes Public Charter School,School Site:ATM-02,,44.7225,-122.6898,188.3,2019-09-27 19:45:17,2019-09-27 11:45:00,2019-09-27 20:01:00,20.5,11.4,22.9
Lourdes Public Charter School,School Site:ATM-02,,44.7225,-122.6898,188.3,2019-09-26 19:45:06,2019-09-26 11:44:00,2019-09-26 20:02:00,21.7,11.4,25.1
Lourdes Public Charter School,School Site:ATM-02,,44.7225,-122.6898,188.3,2019-09-25 19:59:49,2019-09-25 11:58:00,2019-09-25 20:02:00,22.5,11.9,27.1
Lourdes Public Charter School,School Site:ATM-02,,44.7225,-122.6898,188.3,2019-09-24 19:59:46,2019-09-24 11:58:00,2019-09-24 20:02:00,22.5,17.7,23.1
Lourdes Public Charter School,School Site:ATM-02,,44.7225,-122.6898,188.3,2019-09-23 19:59:40,2019-09-23 11:57:00,2019-09-23 20:03:00,21.7,14.2,22.6
Lourdes Public Charter School,School Site:ATM-02,,44.7225,-122.6898,188.3,2019-09-22 19:59:48,2019-09-22 11:57:00,2019-09-22 20:03:00,19.3,14.7,26.1
Lourdes Public Charter School,School Site:ATM-02,,44.7225,-122.6898,188.3,2019-09-21 19:59:43,2019-09-21 11:57:00,2019-09-21 20:03:00,22.5,13.3,23.7
Lourdes Public Charter School,School Site:ATM-02,,44.7225,-122.6898,188.3,2019-09-20 19:59:49,2019-09-20 11:56:00,2019-09-20 20:04:00,20.4,16.0,23.7
Lourdes Public Charter School,School Site:ATM-02,,44.7225,-122.6898,188.3,2019-08-01 20:15:06,2019-08-01 11:57:00,2019-08-01 20:17:00,26.7,12.6,29.5
Lourdes Public Charter School,School Site:ATM-02,,44.7225,-122.6898,188.3,2019-07-31 20:15:10,2019-07-31 11:57:00,2019-07-31 20:17:00,26.4,11.4,26.4
Lourdes Public Charter School,School Site:ATM-02,,44.7225,-122.6898,188.3,2019-07-30 20:15:07,2019-07-30 11:57:00,2019-07-30 20:17:00,20.9,12.5,28.9
Lourdes Public Charter School,School Site:ATM-02,,44.7225,-122.6898,188.3,2019-07-29 20:15:27,2019-07-29 11:57:00,2019-07-29 20:17:00,26.6,11.3,29.1
Lourdes Public Charter School,School Site:ATM-02,,44.7225,-122.6898,188.3,2019-07-28 20:15:30,2019-07-28 11:57:00,2019-07-28 20:17:00,25.8,11.7,27.4
Lourdes Public Charter School,School Site:ATM-02,,44.7225,-122.6898,188.3,2019-07-27 20:15:14,2019-07-27 11:57:00,2019-07-27 20:17:00,24.2,13.2,33.8
Lourdes Public Charter School,School Site:ATM-02,,44.7225,-122.6898,188.3,2019-07-26 20:15:28,2019-07-26 11:57:00,2019-07-26 20:17:00,30.1,13.2,32.2
Lourdes Public Charter School,School Site:ATM-02,,44.7225,-122.6898,188.3,2019-07-25 20:15:22,2019-07-25 11:57:00,2019-07-25 20:17:00,28.2,9.9,28.2
Lourdes Public Charter School,School Site:ATM-02,,44.7225,-122.6898,188.3,2019-07-24 20:15:22,2019-07-24 11:57:00,2019-07-24 20:17:00,25.1,9.9,25.8
Lourdes Public Charter School,School Site:ATM-02,,44.7225,-122.6898,188.3,2019-07-23 20:15:03,2019-07-23 11:57:00,2019-07-23 20:17:00,23.3,12.0,29.5
Lourdes Public Charter School,School Site:ATM-02,,44.7225,-122.6898,188.3,2019-07-22 20:15:10,2019-07-22 11:57:00,2019-07-22 20:17:00,25.7,12.5,31.0
Lourdes Public Charter School,School Site:ATM-02,,44.7225,-122.6898,188.3,2019-07-21 20:15:06,2019-07-21 11:57:00,2019-07-21 20:17:00,25.9,12.2,29.3
Lourdes Public Charter School,School Site:ATM-02,,44.7225,-122.6898,188.3,2019-07-20 20:15:01,2019-07-20 11:57:00,2019-07-20 20:17:00,26.2,7.9,26.2
Lourdes Public Charter School,School Site:ATM-02,,44.7225,-122.6898,188.3,2019-07-19 20:15:15,2019-07-19 11:57:00,2019-07-19 20:17:00,22.2,9.0,24.9
Lourdes Public Charter School,School Site:ATM-02,,44.7225,-122.6898,188.3,2019-07-18 20:15:28,2019-07-18 11:57:00,2019-07-18 20:16:00,22.7,15.1,25.0
Lourdes Public Charter School,School Site:ATM-02,,44.7225,-122.6898,188.3,2019-07-17 20:15:01,2019-07-17 11:57:00,2019-07-17 20:16:00,22.4,15.0,27.7
Lourdes Public Charter School,School Site:ATM-02,,44.7225,-122.6898,188.3,2019-07-16 20:15:10,2019-07-16 11:57:00,2019-07-16 20:16:00,23.0,15.6,25.2
Lourdes Public Charter School,School Site:ATM-02,,44.7225,-122.6898,188.3,2019-07-15 20:15:35,2019-07-15 11:58:00,2019-07-15 20:16:00,19.8,15.8,29.9
Lourdes Public Charter School,School Site:ATM-02,,44.7225,-122.6898,188.3,2019-07-14 20:15:17,2019-07-14 11:58:00,2019-07-14 20:16:00,26.7,12.5,28.7
Lourdes Public Charter School,School Site:ATM-02,,44.7225,-122.6898,188.3,2019-07-13 20:15:03,2019-07-13 11:57:00,2019-07-13 20:16:00,24.9,14.1,29.7
Lourdes Public Charter School,School Site:ATM-02,,44.7225,-122.6898,188.3,2019-07-12 20:15:10,2019-07-12 11:58:00,2019-07-12 20:16:00,26.0,13.3,28.0
Lourdes Public Charter School,School Site:ATM-02,,44.7225,-122.6898,188.3,2019-07-11 20:15:09,2019-07-11 11:58:00,2019-07-11 20:16:00,25.2,16.9,25.2
Lourdes Public Charter School,School Site:ATM-02,,44.7225,-122.6898,188.3,2019-07-10 20:15:33,2019-07-10 11:58:00,2019-07-10 20:16:00,23.0,15.5,26.1
Lourdes Public Charter School,School Site:ATM-02,,44.7225,-122.6898,188.3,2019-07-09 20:15:12,2019-07-09 11:58:00,2019-07-09 20:15:00,20.9,13.3,28.0
Lourdes Public Charter School,School Site:ATM-02,,44.7225,-122.6898,188.3,2019-07-08 20:15:34,2019-07-08 11:59:00,2019-07-08 20:15:00,23.0,9.3,24.5
Lourdes Public Charter School,School Site:ATM-02,,44.7225,-122.6898,188.3,2019-07-07 20:15:38,2019-07-07 11:59:00,2019-07-07 20:15:00,22.3,11.9,23.9
Lourdes Public Charter School,School Site:ATM-02,,44.7225,-122.6898,188.3,2019-07-06 20:15:09,2019-07-06 11:59:00,2019-07-06 20:15:00,18.1,13.7,23.5
Lourdes Public Charter School,School Site:ATM-02,,44.7225,-122.6898,188.3,2019-07-05 20:15:36,2019-07-05 11:59:00,2019-07-05 20:15:00,20.3,11.2,28.2
Lourdes Public Charter School,School Site:ATM-02,,44.7225,-122.6898,188.3,2019-07-04 20:15:36,2019-07-04 12:00:00,2019-07-04 20:15:00,24.6,9.4,25.4
Lourdes Public Charter School,School Site:ATM-02,,44.7225,-122.6898,188.3,2019-07-03 20:15:21,2019-07-03 12:00:00,2019-07-03 20:14:00,20.4,11.2,20.9
Lourdes Public Charter School,School Site:ATM-02,,44.7225,-122.6898,188.3,2019-07-02 20:15:17,2019-07-02 12:00:00,2019-07-02 20:14:00,15.9,12.9,20.4
Lourdes Public Charter School,School Site:ATM-02,,44.7225,-122.6898,188.3,2019-06-30 20:15:33,2019-06-30 12:00:00,2019-06-30 20:14:00,25.2,10.2,26.8
Lourdes Public Charter School,School Site:ATM-02,,44.7225,-122.6898,188.3,2019-06-29 20:15:02,2019-06-29 12:00:00,2019-06-29 20:14:00,23.7,8.0,24.6
Lourdes Public Charter School,School Site:ATM-02,,44.7225,-122.6898,188.3,2019-06-28 20:15:35,2019-06-28 12:01:00,2019-06-28 20:13:00,19.7,7.4,20.2
Lourdes Public Charter School,School Site:ATM-02,,44.7225,-122.6898,188.3,2019-06-27 20:15:33,2019-06-27 12:01:00,2019-06-27 20:13:00,13.8,9.7,21.4
Lourdes Public Charter School,School Site:ATM-02,,44.7225,-122.6898,188.3,2019-06-26 20:15:28,2019-06-26 12:01:00,2019-06-26 20:13:00,20.3,11.3,22.4
Lourdes Public Charter School,School Site:ATM-02,,44.7225,-122.6898,188.3,2019-06-25 20:15:37,2019-06-25 12:02:00,2019-06-25 20:13:00,21.4,10.2,23.9
Lourdes Public Charter School,School Site:ATM-02,,44.7225,-122.6898,188.3,2019-06-24 20:15:11,2019-06-24 12:02:00,2019-06-24 20:13:00,22.0,7.9,22.6
Lourdes Public Charter School,School Site:ATM-02,,44.7225,-122.6898,188.3,2019-06-23 20:15:17,2019-06-23 12:02:00,2019-06-23 20:12:00,18.9,12.7,23.1
Lourdes Public Charter School,School Site:ATM-02,,44.7225,-122.6898,188.3,2019-06-22 20:15:05,2019-06-22 12:02:00,2019-06-22 20:12:00,21.4,7.8,22.1
Lourdes Public Charter School,School Site:ATM-02,,44.7225,-122.6898,188.3,2019-06-21 20:15:32,2019-06-21 12:03:00,2019-06-21 20:12:00,16.3,10.9,20.5
Lourdes Public Charter School,School Site:ATM-02,,44.7225,-122.6898,188.3,2019-06-20 20:15:17,2019-06-20 12:03:00,2019-06-20 20:12:00,16.1,10.0,22.8
Lourdes Public Charter School,School Site:ATM-02,,44.7225,-122.6898,188.3,2019-06-19 20:15:31,2019-06-19 12:03:00,2019-06-19 20:12:00,19.7,8.1,25.5
Lourdes Public Charter School,School Site:ATM-02,,44.7225,-122.6898,188.3,2019-06-18 20:15:24,2019-06-18 12:03:00,2019-06-18 20:11:00,22.2,12.3,27.8
Lourdes Public Charter School,School Site:ATM-02,,44.7225,-122.6898,188.3,2019-06-17 20:15:47,2019-06-17 12:04:00,2019-06-17 20:11:00,25.1,11.1,27.8
Lourdes Public Charter School,School Site:ATM-02,,44.7225,-122.6898,188.3,2019-06-16 20:15:13,2019-06-16 12:03:00,2019-06-16 20:11:00,25.2,10.8,26.0
Lourdes Public Charter School,School Site:ATM-02,,44.7225,-122.6898,188.3,2019-06-15 20:15:26,2019-06-15 12:04:00,2019-06-15 20:11:00,22.5,9.2,25.3
Lourdes Public Charter School,School Site:ATM-02,,44.7225,-122.6898,188.3,2019-06-14 20:15:25,2019-06-14 12:04:00,2019-06-14 20:10:00,23.4,9.3,31.3
Lourdes Public Charter School,School Site:ATM-02,,44.7225,-122.6898,188.3,2019-06-13 20:15:37,2019-06-13 12:05:00,2019-06-13 20:10:00,28.8,14.6,35.7
Lourdes Public Charter School,School Site:ATM-02,,44.7225,-122.6898,188.3,2019-06-12 20:15:29,2019-06-12 12:05:00,2019-06-12 20:10:00,31.4,17.0,36.1
Lourdes Public Charter School,School Site:ATM-02,,44.7225,-122.6898,188.3,2019-06-11 20:15:32,2019-06-11 12:05:00,2019-06-11 20:10:00,30.3,12.5,30.1
Lourdes Public Charter School,School Site:ATM-02,,44.7225,-122.6898,188.3,2019-06-07 19:36:37,2019-06-07 11:27:00,2019-06-07 20:09:00,14.1,8.5,15.5
Lourdes Public Charter School,School Site:ATM-02,,44.7225,-122.6898,188.3,2019-06-06 20:15:44,2019-06-06 12:06:00,2019-06-06 20:09:00,15.5,9.8,20.5
Lourdes Public Charter School,School Site:ATM-02,,44.7225,-122.6898,188.3,2019-06-05 20:15:51,2019-06-05 12:07:00,2019-06-05 20:09:00,19.7,8.9,26.9
Lourdes Public Charter School,School Site:ATM-02,,44.7225,-122.6898,188.3,2019-06-04 20:16:00,2019-06-04 12:07:00,2019-06-04 20:09:00,22.1,7.3,23.4
Lourdes Public Charter School,School Site:ATM-02,,44.7225,-122.6898,188.3,2019-06-03 20:15:32,2019-06-03 12:07:00,2019-06-03 20:08:00,21.5,8.2,27.1
Lourdes Public Charter School,School Site:ATM-02,,44.7225,-122.6898,188.3,2019-06-02 20:15:45,2019-06-02 12:07:00,2019-06-02 20:08:00,23.7,11.0,27.0
Lourdes Public Charter School,School Site:ATM-02,,44.7225,-122.6898,188.3,2019-06-01 20:15:46,2019-06-01 12:07:00,2019-06-01 20:08:00,24.0,11.4,27.1
Lourdes Public Charter School,School Site:ATM-02,,44.7225,-122.6898,188.3,2019-05-31 20:00:58,2019-05-31 11:53:00,2019-05-31 20:08:00,23.9,11.7,26.4
Lourdes Public Charter School,School Site:ATM-02,,44.7225,-122.6898,188.3,2019-05-30 20:00:59,2019-05-30 11:53:00,2019-05-30 20:08:00,21.7,10.1,25.0
Lourdes Public Charter School,School Site:ATM-02,,44.7225,-122.6898,188.3,2019-05-29 19:59:57,2019-05-29 11:52:00,2019-05-29 20:08:00,19.7,9.9,19.0
Lourdes Public Charter School,School Site:ATM-02,,44.7225,-122.6898,188.3,2019-05-28 20:00:01,2019-05-28 11:52:00,2019-05-28 20:08:00,13.4,11.1,17.0
Lourdes Public Charter School,School Site:ATM-02,,44.7225,-122.6898,188.3,2019-05-27 20:00:34,2019-05-27 11:53:00,2019-05-27 20:07:00,14.5,10.9,21.3
Lourdes Public Charter School,School Site:ATM-02,,44.7225,-122.6898,188.3,2019-05-26 20:01:08,2019-05-26 11:54:00,2019-05-26 20:07:00,15.4,8.1,16.3
Lourdes Public Charter School,School Site:ATM-02,,44.7225,-122.6898,188.3,2019-05-25 20:00:18,2019-05-25 11:53:00,2019-05-25 20:07:00,12.8,8.6,16.9
Lourdes Public Charter School,School Site:ATM-02,,44.7225,-122.6898,188.3,2019-05-24 20:00:26,2019-05-24 11:53:00,2019-05-24 20:07:00,13.6,10.7,24.4
Lourdes Public Charter School,School Site:ATM-02,,44.7225,-122.6898,188.3,2019-05-23 20:00:55,2019-05-23 11:54:00,2019-05-23 20:07:00,17.3,11.5,21.3
Lourdes Public Charter School,School Site:ATM-02,,44.7225,-122.6898,188.3,2019-05-22 20:00:43,2019-05-22 11:54:00,2019-05-22 20:07:00,17.1,10.7,18.0
Lourdes Public Charter School,School Site:ATM-02,,44.7225,-122.6898,188.3,2019-05-21 19:59:58,2019-05-21 11:53:00,2019-05-21 20:07:00,13.6,8.8,19.8
Lourdes Public Charter School,School Site:ATM-02,,44.7225,-122.6898,188.3,2019-05-20 20:00:32,2019-05-20 11:53:00,2019-05-20 20:07:00,13.8,9.6,15.8
Lourdes Public Charter School,School Site:ATM-02,,44.7225,-122.6898,188.3,2019-05-19 20:00:10,2019-05-19 11:53:00,2019-05-19 20:07:00,14.1,8.2,22.0
Lourdes Public Charter School,School Site:ATM-02,,44.7225,-122.6898,188.3,2019-05-18 20:00:07,2019-05-18 11:53:00,2019-05-18 20:07:00,21.1,9.1,22.3
Lourdes Public Charter School,School Site:ATM-02,,44.7225,-122.6898,188.3,2019-05-17 20:01:01,2019-05-17 11:54:00,2019-05-17 20:07:00,13.0,9.7,15.0
Lourdes Public Charter School,School Site:ATM-02,,44.7225,-122.6898,188.3,2019-05-16 20:00:15,2019-05-16 11:53:00,2019-05-16 20:07:00,12.8,10.9,14.5
Lourdes Public Charter School,School Site:ATM-02,,44.7225,-122.6898,188.3,2019-05-15 20:00:45,2019-05-15 11:54:00,2019-05-15 20:07:00,14.2,8.7,15.1
Lourdes Public Charter School,School Site:ATM-02,,44.7225,-122.6898,188.3,2019-05-14 20:00:14,2019-05-14 11:53:00,2019-05-14 20:07:00,13.2,10.3,19.4
Lourdes Public Charter School,School Site:ATM-02,,44.7225,-122.6898,188.3,2019-05-13 20:00:02,2019-05-13 11:53:00,2019-05-13 20:07:00,15.6,8.1,23.4
Lourdes Public Charter School,School Site:ATM-02,,44.7225,-122.6898,188.3,2019-05-12 20:00:34,2019-05-12 11:54:00,2019-05-12 20:07:00,17.8,7.5,27.2
Lourdes Public Charter School,School Site:ATM-02,,44.7225,-122.6898,188.3,2019-05-11 20:00:05,2019-05-11 11:53:00,2019-05-11 20:07:00,25.2,10.1,30.6
Lourdes Public Charter School,School Site:ATM-02,,44.7225,-122.6898,188.3,2019-05-10 20:00:09,2019-05-10 11:53:00,2019-05-10 20:07:00,27.1,9.0,30.2
Lourdes Public Charter School,School Site:ATM-02,,44.7225,-122.6898,188.3,2019-05-09 20:00:34,2019-05-09 11:54:00,2019-05-09 20:07:00,28.4,9.7,28.5
Lourdes Public Charter School,School Site:ATM-02,,44.7225,-122.6898,188.3,2019-05-08 20:00:39,2019-05-08 11:54:00,2019-05-08 20:07:00,20.7,6.6,25.6
Lourdes Public Charter School,School Site:ATM-02,,44.7225,-122.6898,188.3,2019-05-07 20:00:39,2019-05-07 11:54:00,2019-05-07 20:07:00,21.3,8.7,27.6
Lourdes Public Charter School,School Site:ATM-02,,44.7225,-122.6898,188.3,2019-05-06 20:00:05,2019-05-06 11:53:00,2019-05-06 20:07:00,21.5,6.9,24.0
Lourdes Public Charter School,School Site:ATM-02,,44.7225,-122.6898,188.3,2019-05-05 20:05:30,2019-05-05 11:58:00,2019-05-05 20:07:00,21.8,6.3,23.0
Lourdes Public Charter School,School Site:ATM-02,,44.7225,-122.6898,188.3,2019-05-04 20:00:50,2019-05-04 11:53:00,2019-05-04 20:07:00,19.5,5.1,21.1
Lourdes Public Charter School,School Site:ATM-02,,44.7225,-122.6898,188.3,2019-05-03 20:00:23,2019-05-03 11:53:00,2019-05-03 20:07:00,17.6,2.4,18.2
Lourdes Public Charter School,School Site:ATM-02,,44.7225,-122.6898,188.3,2019-05-02 20:00:09,2019-05-02 11:53:00,2019-05-02 20:07:00,14.0,1.4,20.0
Lourdes Public Charter School,School Site:ATM-02,,44.7225,-122.6898,188.3,2019-05-01 20:00:27,2019-05-01 11:53:00,2019-05-01 20:07:00,17.1,1.5,19.7
Lourdes Public Charter School,School Site:ATM-02,,44.7225,-122.6898,188.3,2019-04-30 20:00:58,2019-04-30 11:53:00,2019-04-30 20:08:00,18.1,1.8,21.2
Lourdes Public Charter School,School Site:ATM-02,,44.7225,-122.6898,188.3,2019-04-29 19:59:39,2019-04-29 11:52:00,2019-04-29 20:08:00,19.6,5.0,20.5
Lourdes Public Charter School,School Site:ATM-02,,44.7225,-122.6898,188.3,2019-04-28 20:15:35,2019-04-28 12:07:00,2019-04-28 20:08:00,15.4,-0.4,15.0
Lourdes Public Charter School,School Site:ATM-02,,44.7225,-122.6898,188.3,2019-04-27 20:15:37,2019-04-27 12:07:00,2019-04-27 20:08:00,12.6,2.6,20.1
Lourdes Public Charter School,School Site:ATM-02,,44.7225,-122.6898,188.3,2019-04-26 20:15:11,2019-04-26 12:07:00,2019-04-26 20:08:00,18.5,5.5,22.3
Lourdes Public Charter School,School Site:ATM-02,,44.7225,-122.6898,188.3,2019-04-25 20:15:44,2019-04-25 12:07:00,2019-04-25 20:08:00,17.7,3.6,18.1
Lourdes Public Charter School,School Site:ATM-02,,44.7225,-122.6898,188.3,2019-04-24 20:16:09,2019-04-24 12:07:00,2019-04-24 20:08:00,15.8,7.1,19.2
Lourdes Public Charter School,School Site:ATM-02,,44.7225,-122.6898,188.3,2019-04-23 20:15:31,2019-04-23 12:06:00,2019-04-23 20:09:00,14.7,11.5,19.3
Lourdes Public Charter School,School Site:ATM-02,,44.7225,-122.6898,188.3,2019-04-22 20:15:30,2019-04-22 12:06:00,2019-04-22 20:09:00,18.0,4.0,18.1
Lourdes Public Charter School,School Site:ATM-02,,44.7225,-122.6898,188.3,2019-04-21 20:15:35,2019-04-21 12:06:00,2019-04-21 20:09:00,14.9,7.8,17.4
Lourdes Public Charter School,School Site:ATM-02,,44.7225,-122.6898,188.3,2019-04-19 20:15:13,2019-04-19 12:05:00,2019-04-19 20:09:00,18.2,8.8,27.1
Lourdes Public Charter School,School Site:ATM-02,,44.7225,-122.6898,188.3,2019-04-18 20:15:28,2019-04-18 12:05:00,2019-04-18 20:10:00,23.1,8.1,24.7
Lourdes Public Charter School,School Site:ATM-02,,44.7225,-122.6898,188.3,2019-04-17 20:15:46,2019-04-17 12:05:00,2019-04-17 20:10:00,15.5,9.2,16.7
Lourdes Public Charter School,School Site:ATM-02,,44.7225,-122.6898,188.3,2019-04-16 20:15:35,2019-04-16 12:05:00,2019-04-16 20:10:00,14.3,6.0,13.7
Lourdes Public Charter School,School Site:ATM-02,,44.7225,-122.6898,188.3,2019-04-15 20:15:08,2019-04-15 12:04:00,2019-04-15 20:10:00,9.6,1.7,11.6
Lourdes Public Charter School,School Site:ATM-02,,44.7225,-122.6898,188.3,2019-04-14 20:15:32,2019-04-14 12:04:00,2019-04-14 20:11:00,10.1,4.1,10.0
Lourdes Public Charter School,School Site:ATM-02,,44.7225,-122.6898,188.3,2019-04-13 20:15:24,2019-04-13 12:03:00,2019-04-13 20:11:00,8.5,5.7,14.4
Lourdes Public Charter School,School Site:ATM-02,,44.7225,-122.6898,188.3,2019-04-12 20:15:32,2019-04-12 12:03:00,2019-04-12 20:11:00,12.8,8.0,13.6
Lourdes Public Charter School,School Site:ATM-02,,44.7225,-122.6898,188.3,2019-04-11 20:15:31,2019-04-11 12:03:00,2019-04-11 20:11:00,8.7,7.5,9.1
Lourdes Public Charter School,School Site:ATM-02,,44.7225,-122.6898,188.3,2019-04-10 20:15:36,2019-04-10 12:03:00,2019-04-10 20:12:00,8.6,6.3,11.3
Lourdes Public Charter School,School Site:ATM-02,,44.7225,-122.6898,188.3,2019-04-09 20:15:35,2019-04-09 12:02:00,2019-04-09 20:12:00,10.8,6.6,14.4
Lourdes Public Charter School,School Site:ATM-02,,44.7225,-122.6898,188.3,2019-04-08 20:15:33,2019-04-08 12:02:00,2019-04-08 20:12:00,11.5,8.8,12.6
Lourdes Public Charter School,School Site:ATM-02,,44.7225,-122.6898,188.3,2019-04-07 20:15:24,2019-04-07 12:02:00,2019-04-07 20:12:00,10.7,9.2,12.2
Lourdes Public Charter School,School Site:ATM-02,,44.7225,-122.6898,188.3,2019-04-06 20:15:31,2019-04-06 12:01:00,2019-04-06 20:13:00,9.7,4.8,11.3
Lourdes Public Charter School,School Site:ATM-02,,44.7225,-122.6898,188.3,2019-04-05 20:15:44,2019-04-05 12:01:00,2019-04-05 20:13:00,9.2,8.7,16.7
Lourdes Public Charter School,School Site:ATM-02,,44.7225,-122.6898,188.3,2019-04-04 20:15:34,2019-04-04 12:01:00,2019-04-04 20:13:00,11.8,7.7,13.9
Lourdes Public Charter School,School Site:ATM-02,,44.7225,-122.6898,188.3,2019-04-03 20:15:32,2019-04-03 12:00:00,2019-04-03 20:14:00,12.5,10.2,14.6
Lourdes Public Charter School,School Site:ATM-02,,44.7225,-122.6898,188.3,2019-04-02 20:15:33,2019-04-02 12:00:00,2019-04-02 20:14:00,13.4,10.3,15.3
Lourdes Public Charter School,School Site:ATM-02,,44.7225,-122.6898,188.3,2019-04-01 20:15:36,2019-04-01 12:00:00,2019-04-01 20:14:00,12.8,8.9,20.8
Lourdes Public Charter School,School Site:ATM-02,,44.7225,-122.6898,188.3,2019-03-31 20:15:22,2019-03-31 11:59:00,2019-03-31 20:14:00,16.1,2.6,18.6
Lourdes Public Charter School,School Site:ATM-02,,44.7225,-122.6898,188.3,2019-03-30 20:15:39,2019-03-30 11:59:00,2019-03-30 20:15:00,13.0,2.4,17.2
Lourdes Public Charter School,School Site:ATM-02,,44.7225,-122.6898,188.3,2019-03-29 20:15:20,2019-03-29 11:58:00,2019-03-29 20:15:00,12.5,2.9,15.8
Lourdes Public Charter School,School Site:ATM-02,,44.7225,-122.6898,188.3,2019-03-28 20:15:38,2019-03-28 11:58:00,2019-03-28 20:15:00,15.0,2.7,17.9
Lourdes Public Charter School,School Site:ATM-02,,44.7225,-122.6898,188.3,2019-03-27 20:15:27,2019-03-27 11:58:00,2019-03-27 20:16:00,12.9,3.7,15.0
Lourdes Public Charter School,School Site:ATM-02,,44.7225,-122.6898,188.3,2019-03-26 20:15:18,2019-03-26 11:57:00,2019-03-26 20:16:00,14.5,1.6,15.9
Lourdes Public Charter School,School Site:ATM-02,,44.7225,-122.6898,188.3,2019-03-25 20:15:23,2019-03-25 11:57:00,2019-03-25 20:16:00,10.7,4.0,18.2
Lourdes Public Charter School,School Site:ATM-02,,44.7225,-122.6898,188.3,2019-03-24 20:15:16,2019-03-24 11:56:00,2019-03-24 20:17:00,14.2,2.4,14.2
Lourdes Public Charter School,School Site:ATM-02,,44.7225,-122.6898,188.3,2019-03-23 20:14:46,2019-03-23 11:56:00,2019-03-23 20:17:00,13.2,5.6,13.6
Lourdes Public Charter School,School Site:ATM-02,,44.7225,-122.6898,188.3,2019-03-22 20:15:28,2019-03-22 11:56:00,2019-03-22 20:17:00,10.0,2.7,13.0
Lourdes Public Charter School,School Site:ATM-02,,44.7225,-122.6898,188.3,2019-03-21 20:15:36,2019-03-21 11:56:00,2019-03-21 20:17:00,11.7,5.3,23.5
Lourdes Public Charter School,School Site:ATM-02,,44.7225,-122.6898,188.3,2019-03-20 20:15:27,2019-03-20 11:55:00,2019-03-20 20:18:00,22.2,7.0,26.9
Lourdes Public Charter School,School Site:ATM-02,,44.7225,-122.6898,188.3,2019-03-18 20:15:22,2019-03-18 11:54:00,2019-03-18 20:18:00,24.2,5.1,24.4
Lourdes Public Charter School,School Site:ATM-02,,44.7225,-122.6898,188.3,2019-03-17 20:15:33,2019-03-17 11:54:00,2019-03-17 20:19:00,14.9,1.9,17.2
Lourdes Public Charter School,School Site:ATM-02,,44.7225,-122.6898,188.3,2019-03-16 20:14:41,2019-03-16 11:53:00,2019-03-16 20:19:00,13.5,1.3,18.0
Lourdes Public Charter School,School Site:ATM-02,,44.7225,-122.6898,188.3,2019-03-15 20:14:43,2019-03-15 11:53:00,2019-03-15 20:19:00,13.9,-0.5,15.2
Lourdes Public Charter School,School Site:ATM-02,,44.7225,-122.6898,188.3,2019-03-14 20:29:46,2019-03-14 12:07:00,2019-03-14 20:20:00,12.5,-0.6,13.4
Lourdes Public Charter School,School Site:ATM-02,,44.7225,-122.6898,188.3,2019-03-13 20:29:36,2019-03-13 12:07:00,2019-03-13 20:20:00,7.6,3.6,8.5
Lourdes Public Charter School,School Site:ATM-02,,44.7225,-122.6898,188.3,2019-03-12 20:15:28,2019-03-12 11:53:00,2019-03-12 20:20:00,5.2,3.4,16.0
Lourdes Public Charter School,School Site:ATM-02,,44.7225,-122.6898,188.3,2019-03-11 20:29:33,2019-03-11 12:06:00,2019-03-11 20:20:00,12.4,-2.8,12.4
Lourdes Public Charter School,School Site:ATM-02,,44.7225,-122.6898,188.3,2019-03-09 20:29:26,2019-03-09 12:06:00,2019-03-09 20:21:00,4.0,0.2,4.9
Lourdes Public Charter School,School Site:ATM-02,,44.7225,-122.6898,188.3,2019-03-08 20:29:30,2019-03-08 12:05:00,2019-03-08 20:21:00,3.6,-1.8,5.3
Lourdes Public Charter School,School Site:ATM-02,,44.7225,-122.6898,188.3,2019-03-07 20:29:33,2019-03-07 12:05:00,2019-03-07 20:21:00,4.5,-0.3,5.1
Lourdes Public Charter School,School Site:ATM-02,,44.7225,-122.6898,188.3,2019-03-04 20:29:33,2019-03-04 12:04:00,2019-03-04 20:22:00,4.2,-6.5,11.5
Lourdes Public Charter School,School Site:ATM-02,,44.7225,-122.6898,188.3,2019-03-03 20:29:36,2019-03-03 12:04:00,2019-03-03 20:22:00,10.4,-4.3,10.0
Lourdes Public Charter School,School Site:ATM-02,,44.7225,-122.6898,188.3,2019-03-02 20:29:49,2019-03-02 12:04:00,2019-03-02 20:22:00,7.3,-2.7,12.9
Lourdes Public Charter School,School Site:ATM-02,,44.7225,-122.6898,188.3,2019-03-01 20:29:35,2019-03-01 12:04:00,2019-03-01 20:23:00,10.0,0.5,10.1
Lourdes Public Charter School,School Site:ATM-02,,44.7225,-122.6898,188.3,2019-02-28 20:29:42,2019-02-28 12:04:00,2019-02-28 20:23:00,1.6,-4.2,4.1
Lourdes Public Charter School,School Site:ATM-02,,44.7225,-122.6898,188.3,2019-02-27 20:29:39,2019-02-27 12:03:00,2019-02-27 20:23:00,2.1,-3.7,4.1
Lourdes Public Charter School,School Site:ATM-02,,44.7225,-122.6898,188.3,2019-02-26 20:29:21,2019-02-26 12:03:00,2019-02-26 20:23:00,4.1,-3.2,5.4
Lourdes Public Charter School,School Site:ATM-02,,44.7225,-122.6898,188.3,2019-02-25 20:29:41,2019-02-25 12:03:00,2019-02-25 20:23:00,1.1,0.2,4.9
Lourdes Public Charter School,School Site:ATM-02,,44.7225,-122.6898,188.3,2019-02-24 20:29:48,2019-02-24 12:03:00,2019-02-24 20:24:00,2.7,0.4,7.2
Lourdes Public Charter School,School Site:ATM-02,,44.7225,-122.6898,188.3,2019-02-23 20:29:35,2019-02-23 12:03:00,2019-02-23 20:24:00,6.0,1.7,6.0
Lourdes Public Charter School,School Site:ATM-02,,44.7225,-122.6898,188.3,2019-02-22 20:30:21,2019-02-22 12:03:00,2019-02-22 20:24:00,4.8,-2.8,7.8
Lourdes Public Charter School,School Site:ATM-02,,44.7225,-122.6898,188.3,2019-02-21 20:29:32,2019-02-21 12:02:00,2019-02-21 20:24:00,3.3,-3.4,5.0
Lourdes Public Charter School,School Site:ATM-02,,44.7225,-122.6898,188.3,2019-02-20 20:29:37,2019-02-20 12:02:00,2019-02-20 20:24:00,4.0,1.9,5.0
Lourdes Public Charter School,School Site:ATM-02,,44.7225,-122.6898,188.3,2019-02-19 20:29:37,2019-02-19 12:02:00,2019-02-19 20:24:00,5.0,1.5,6.5
Lourdes Public Charter School,School Site:ATM-02,,44.7225,-122.6898,188.3,2019-02-18 20:29:47,2019-02-18 12:02:00,2019-02-18 20:24:00,4.8,-0.8,5.3
Lourdes Public Charter School,School Site:ATM-02,,44.7225,-122.6898,188.3,2019-02-17 20:29:34,2019-02-17 12:02:00,2019-02-17 20:24:00,4.0,-0.4,7.5
Lourdes Public Charter School,School Site:ATM-02,,44.7225,-122.6898,188.3,2019-02-16 20:29:48,2019-02-16 12:02:00,2019-02-16 20:24:00,4.0,2.4,8.6
Lourdes Public Charter School,School Site:ATM-02,,44.7225,-122.6898,188.3,2019-02-15 20:29:47,2019-02-15 12:02:00,2019-02-15 20:24:00,8.6,1.6,8.2
Lourdes Public Charter School,School Site:ATM-02,,44.7225,-122.6898,188.3,2019-02-14 20:29:22,2019-02-14 12:02:00,2019-02-14 20:24:00,4.3,2.1,8.2
Lourdes Public Charter School,School Site:ATM-02,,44.7225,-122.6898,188.3,2019-02-13 20:29:38,2019-02-13 12:02:00,2019-02-13 20:24:00,6.4,2.9,6.0
Lourdes Public Charter School,School Site:ATM-02,,44.7225,-122.6898,188.3,2019-02-12 20:29:35,2019-02-12 12:02:00,2019-02-12 20:24:00,4.9,4.2,9.4
Lourdes Public Charter School,School Site:ATM-02,,44.7225,-122.6898,188.3,2019-02-11 20:29:47,2019-02-11 12:02:00,2019-02-11 20:24:00,4.2,2.3,5.1
Lourdes Public Charter School,School Site:ATM-02,,44.7225,-122.6898,188.3,2019-02-10 20:29:38,2019-02-10 12:02:00,2019-02-10 20:24:00,4.0,-0.9,9.5
Lourdes Public Charter School,School Site:ATM-02,,44.7225,-122.6898,188.3,2019-02-09 20:29:37,2019-02-09 12:02:00,2019-02-09 20:24:00,9.3,2.9,7.9
Lourdes Public Charter School,School Site:ATM-02,,44.7225,-122.6898,188.3,2019-02-08 20:30:04,2019-02-08 12:03:00,2019-02-08 20:24:00,6.1,1.6,6.3
Lourdes Public Charter School,School Site:ATM-02,,44.7225,-122.6898,188.3,2019-02-07 20:31:18,2019-02-07 12:04:00,2019-02-07 20:24:00,3.7,-1.5,8.7
Lourdes Public Charter School,School Site:ATM-02,,44.7225,-122.6898,188.3,2019-02-06 20:29:31,2019-02-06 12:02:00,2019-02-06 20:24:00,3.3,1.6,5.4
Lourdes Public Charter School,School Site:ATM-02,,44.7225,-122.6898,188.3,2019-02-05 20:29:35,2019-02-05 12:03:00,2019-02-05 20:24:00,4.8,1.7,5.8
Lourdes Public Charter School,School Site:ATM-02,,44.7225,-122.6898,188.3,2019-02-04 20:29:37,2019-02-04 12:03:00,2019-02-04 20:24:00,5.2,2.9,9.0
Lourdes Public Charter School,School Site:ATM-02,,44.7225,-122.6898,188.3,2019-02-03 20:30:32,2019-02-03 12:04:00,2019-02-03 20:24:00,8.0,5.3,12.0
Lourdes Public Charter School,School Site:ATM-02,,44.7225,-122.6898,188.3,2019-02-02 20:29:40,2019-02-02 12:03:00,2019-02-02 20:24:00,12.0,8.3,14.3
Lourdes Public Charter School,School Site:ATM-02,,44.7225,-122.6898,188.3,2019-02-01 20:29:23,2019-02-01 12:03:00,2019-02-01 20:24:00,12.5,6.6,17.0
Lourdes Public Charter School,School Site:ATM-02,,44.7225,-122.6898,188.3,2019-01-31 20:29:38,2019-01-31 12:03:00,2019-01-31 20:24:00,11.8,2.3,15.6
Lourdes Public Charter School,School Site:ATM-02,,44.7225,-122.6898,188.3,2019-01-30 20:29:51,2019-01-30 12:04:00,2019-01-30 20:24:00,11.4,1.9,15.3
Lourdes Public Charter School,School Site:ATM-02,,44.7225,-122.6898,188.3,2019-01-29 20:29:36,2019-01-29 12:04:00,2019-01-29 20:23:00,11.5,1.5,15.2
Lourdes Public Charter School,School Site:ATM-02,,44.7225,-122.6898,188.3,2019-01-28 20:29:37,2019-01-28 12:04:00,2019-01-28 20:23:00,9.4,3.7,8.7
Lourdes Public Charter School,School Site:ATM-02,,44.7225,-122.6898,188.3,2019-01-27 20:29:39,2019-01-27 12:04:00,2019-01-27 20:23:00,6.7,3.9,7.6
Lourdes Public Charter School,School Site:ATM-02,,44.7225,-122.6898,188.3,2019-01-26 20:29:37,2019-01-26 12:05:00,2019-01-26 20:23:00,6.2,2.0,13.8
Lourdes Public Charter School,School Site:ATM-02,,44.7225,-122.6898,188.3,2019-01-25 20:29:48,2019-01-25 12:05:00,2019-01-25 20:23:00,12.2,3.8,15.1
Lourdes Public Charter School,School Site:ATM-02,,44.7225,-122.6898,188.3,2019-01-24 20:29:42,2019-01-24 12:05:00,2019-01-24 20:22:00,14.7,5.3,14.2
Lourdes Public Charter School,School Site:ATM-02,,44.7225,-122.6898,188.3,2019-01-23 20:29:43,2019-01-23 12:05:00,2019-01-23 20:22:00,13.1,8.8,13.1
Lourdes Public Charter School,School Site:ATM-02,,44.7225,-122.6898,188.3,2019-01-22 20:29:43,2019-01-22 12:06:00,2019-01-22 20:22:00,8.9,5.3,11.0
Lourdes Public Charter School,School Site:ATM-02,,44.7225,-122.6898,188.3,2019-01-21 20:29:42,2019-01-21 12:06:00,2019-01-21 20:21:00,9.8,4.8,10.3
Lourdes Public Charter School,School Site:ATM-02,,44.7225,-122.6898,188.3,2019-01-20 20:29:49,2019-01-20 12:07:00,2019-01-20 20:21:00,8.1,7.3,13.8
Lourdes Public Charter School,School Site:ATM-02,,44.7225,-122.6898,188.3,2019-01-19 20:29:49,2019-01-19 12:07:00,2019-01-19 20:21:00,13.7,9.9,15.0
Lourdes Public Charter School,School Site:ATM-02,,44.7225,-122.6898,188.3,2019-01-18 20:29:44,2019-01-18 12:07:00,2019-01-18 20:21:00,11.0,8.1,15.0
Lourdes Public Charter School,School Site:ATM-02,,44.7225,-122.6898,188.3,2019-01-17 20:15:01,2019-01-17 11:53:00,2019-01-17 20:20:00,15.1,5.1,15.2
Lourdes Public Charter School,School Site:ATM-02,,44.7225,-122.6898,188.3,2019-01-16 20:15:10,2019-01-16 11:53:00,2019-01-16 20:20:00,5.6,2.4,9.6
Lourdes Public Charter School,School Site:ATM-02,,44.7225,-122.6898,188.3,2019-01-15 20:15:14,2019-01-15 11:54:00,2019-01-15 20:20:00,5.0,0.5,13.7
Lourdes Public Charter School,School Site:ATM-02,,44.7225,-122.6898,188.3,2019-01-14 20:14:29,2019-01-14 11:53:00,2019-01-14 20:19:00,9.9,0.1,14.2
Lourdes Public Charter School,School Site:ATM-02,,44.7225,-122.6898,188.3,2019-01-13 20:15:35,2019-01-13 11:55:00,2019-01-13 20:19:00,10.7,1.1,15.3
Lourdes Public Charter School,School Site:ATM-02,,44.7225,-122.6898,188.3,2019-01-12 20:15:37,2019-01-12 11:55:00,2019-01-12 20:18:00,11.1,1.3,11.4
Lourdes Public Charter School,School Site:ATM-02,,44.7225,-122.6898,188.3,2019-01-11 20:15:40,2019-01-11 11:56:00,2019-01-11 20:18:00,9.1,5.1,17.9
Lourdes Public Charter School,School Site:ATM-02,,44.7225,-122.6898,188.3,2019-01-10 20:15:18,2019-01-10 11:56:00,2019-01-10 20:18:00,15.4,10.8,15.4
Lourdes Public Charter School,School Site:ATM-02,,44.7225,-122.6898,188.3,2019-01-09 20:15:12,2019-01-09 11:56:00,2019-01-09 20:17:00,11.0,6.1,11.0
Lourdes Public Charter School,School Site:ATM-02,,44.7225,-122.6898,188.3,2019-01-08 20:15:15,2019-01-08 11:57:00,2019-01-08 20:17:00,8.1,5.8,12.5
Lourdes Public Charter School,School Site:ATM-02,,44.7225,-122.6898,188.3,2019-01-07 20:14:58,2019-01-07 11:57:00,2019-01-07 20:16:00,11.0,4.0,11.0
Lourdes Public Charter School,School Site:ATM-02,,44.7225,-122.6898,188.3,2019-01-06 20:15:17,2019-01-06 11:58:00,2019-01-06 20:16:00,7.9,5.5,12.6
Lourdes Public Charter School,School Site:ATM-02,,44.7225,-122.6898,188.3,2019-01-05 20:14:45,2019-01-05 11:58:00,2019-01-05 20:16:00,8.0,4.7,12.6
Lourdes Public Charter School,School Site:ATM-02,,44.7225,-122.6898,188.3,2019-01-04 20:14:44,2019-01-04 11:58:00,2019-01-04 20:15:00,12.5,8.2,15.2
Lourdes Public Charter School,School Site:ATM-02,,44.7225,-122.6898,188.3,2019-01-03 20:15:24,2019-01-03 11:59:00,2019-01-03 20:15:00,14.7,7.4,14.7
Lourdes Public Charter School,School Site:ATM-02,,44.7225,-122.6898,188.3,2019-01-02 20:15:26,2019-01-02 12:00:00,2019-01-02 20:14:00,8.0,0.1,8.9
Lourdes Public Charter School,School Site:ATM-02,,44.7225,-122.6898,188.3,2019-01-01 20:15:09,2019-01-01 12:00:00,2019-01-01 20:14:00,7.5,0.2,10.3
Lourdes Public Charter School,School Site:ATM-02,,44.7225,-122.6898,188.3,2018-12-31 20:15:05,2018-12-31 12:01:00,2018-12-31 20:13:00,6.0,1.8,11.5
Lourdes Public Charter School,School Site:ATM-02,,44.7225,-122.6898,188.3,2018-12-30 20:14:47,2018-12-30 12:01:00,2018-12-30 20:13:00,9.4,8.1,12.7
Lourdes Public Charter School,School Site:ATM-02,,44.7225,-122.6898,188.3,2018-12-29 20:14:32,2018-12-29 12:01:00,2018-12-29 20:12:00,11.8,8.7,11.5
Lourdes Public Charter School,School Site:ATM-02,,44.7225,-122.6898,188.3,2018-12-28 20:14:41,2018-12-28 12:02:00,2018-12-28 20:12:00,9.8,6.6,13.2
Lourdes Public Charter School,School Site:ATM-02,,44.7225,-122.6898,188.3,2018-12-27 20:14:42,2018-12-27 12:02:00,2018-12-27 20:11:00,12.0,6.3,11.3
Lourdes Public Charter School,School Site:ATM-02,,44.7225,-122.6898,188.3,2018-12-26 20:15:22,2018-12-26 12:03:00,2018-12-26 20:11:00,8.3,4.3,10.3
Lourdes Public Charter School,School Site:ATM-02,,44.7225,-122.6898,188.3,2018-12-25 20:14:46,2018-12-25 12:03:00,2018-12-25 20:10:00,8.8,5.3,12.2
Lourdes Public Charter School,School Site:ATM-02,,44.7225,-122.6898,188.3,2018-12-24 20:14:47,2018-12-24 12:04:00,2018-12-24 20:10:00,11.4,9.2,11.8
Lourdes Public Charter School,School Site:ATM-02,,44.7225,-122.6898,188.3,2018-12-23 20:14:39,2018-12-23 12:04:00,2018-12-23 20:09:00,11.6,5.1,11.9
Lourdes Public Charter School,School Site:ATM-02,,44.7225,-122.6898,188.3,2018-12-22 20:14:50,2018-12-22 12:05:00,2018-12-22 20:09:00,5.3,2.5,11.8
Lourdes Public Charter School,School Site:ATM-02,,44.7225,-122.6898,188.3,2018-12-21 20:14:42,2018-12-21 12:05:00,2018-12-21 20:08:00,10.2,4.2,12.3
Lourdes Public Charter School,School Site:ATM-02,,44.7225,-122.6898,188.3,2018-12-20 20:14:51,2018-12-20 12:06:00,2018-12-20 20:08:00,12.3,11.0,17.7
Lourdes Public Charter School,School Site:ATM-02,,44.7225,-122.6898,188.3,2019-09-19 19:59:48,2019-09-19 11:56:00,2019-09-19 20:04:00,22.3,13.9,22.9
Lourdes Public Charter School,School Site:ATM-02,,44.7225,-122.6898,188.3,2019-09-18 19:59:53,2019-09-18 11:56:00,2019-09-18 20:05:00,21.0,15.3,21.0
Lourdes Public Charter School,School Site:ATM-02,,44.7225,-122.6898,188.3,2019-09-17 19:59:43,2019-09-17 11:55:00,2019-09-17 20:05:00,19.0,15.6,21.3
Lourdes Public Charter School,School Site:ATM-02,,44.7225,-122.6898,188.3,2019-09-16 19:59:46,2019-09-16 11:55:00,2019-09-16 20:05:00,19.4,14.4,19.4
Lourdes Public Charter School,School Site:ATM-02,,44.7225,-122.6898,188.3,2019-09-15 20:01:05,2019-09-15 11:55:00,2019-09-15 20:06:00,17.5,16.7,27.3
Lourdes Public Charter School,School Site:ATM-02,,44.7225,-122.6898,188.3,2019-09-14 20:01:16,2019-09-14 11:55:00,2019-09-14 20:06:00,23.1,14.3,27.4
Lourdes Public Charter School,School Site:ATM-02,,44.7225,-122.6898,188.3,2019-09-13 20:00:45,2019-09-13 11:54:00,2019-09-13 20:06:00,22.2,16.5,28.8
Lourdes Public Charter School,School Site:ATM-02,,44.7225,-122.6898,188.3,2019-09-10 19:59:58,2019-09-10 11:52:00,2019-09-10 20:07:00,20.7,13.3,20.9
Lourdes Public Charter School,School Site:ATM-02,,44.7225,-122.6898,188.3,2019-09-09 19:59:45,2019-09-09 11:52:00,2019-09-09 20:08:00,17.0,14.3,19.8
Lourdes Public Charter School,School Site:ATM-02,,44.7225,-122.6898,188.3,2019-09-08 20:01:02,2019-09-08 11:53:00,2019-09-08 20:08:00,18.7,14.7,19.2
Lourdes Public Charter School,School Site:ATM-02,,44.7225,-122.6898,188.3,2019-09-07 20:15:40,2019-09-07 12:07:00,2019-09-07 20:08:00,18.5,16.1,28.0
Lourdes Public Charter School,School Site:ATM-02,,44.7225,-122.6898,188.3,2019-09-06 20:15:29,2019-09-06 12:06:00,2019-09-06 20:09:00,24.6,16.6,33.7
Lourdes Public Charter School,School Site:ATM-02,,44.7225,-122.6898,188.3,2019-09-05 20:15:45,2019-09-05 12:06:00,2019-09-05 20:09:00,30.7,14.1,30.8
Lourdes Public Charter School,School Site:ATM-02,,44.7225,-122.6898,188.3,2019-09-04 20:16:01,2019-09-04 12:06:00,2019-09-04 20:09:00,23.3,11.6,28.2
Lourdes Public Charter School,School Site:ATM-02,,44.7225,-122.6898,188.3,2019-09-03 20:15:49,2019-09-03 12:05:00,2019-09-03 20:10:00,25.4,12.9,29.1
Lourdes Public Charter School,School Site:ATM-02,,44.7225,-122.6898,188.3,2019-09-02 20:15:36,2019-09-02 12:05:00,2019-09-02 20:10:00,26.8,12.3,28.2
Lourdes Public Charter School,School Site:ATM-02,,44.7225,-122.6898,188.3,2019-09-01 20:15:37,2019-09-01 12:04:00,2019-09-01 20:10:00,25.8,18.0,30.2
Lourdes Public Charter School,School Site:ATM-02,,44.7225,-122.6898,188.3,2019-08-31 20:15:23,2019-08-31 12:04:00,2019-08-31 20:11:00,27.3,12.9,27.8
Lourdes Public Charter School,School Site:ATM-02,,44.7225,-122.6898,188.3,2019-08-30 20:15:35,2019-08-30 12:04:00,2019-08-30 20:11:00,26.2,17.7,29.9
Lourdes Public Charter School,School Site:ATM-02,,44.7225,-122.6898,188.3,2019-08-29 20:15:34,2019-08-29 12:03:00,2019-08-29 20:11:00,21.8,16.9,35.3
Lourdes Public Charter School,School Site:ATM-02,,44.7225,-122.6898,188.3,2019-08-28 20:15:42,2019-08-28 12:03:00,2019-08-28 20:12:00,31.4,15.3,38.8
Lourdes Public Charter School,School Site:ATM-02,,44.7225,-122.6898,188.3,2019-08-27 20:15:30,2019-08-27 12:02:00,2019-08-27 20:12:00,34.0,11.5,33.2
Lourdes Public Charter School,School Site:ATM-02,,44.7225,-122.6898,188.3,2019-08-26 20:15:32,2019-08-26 12:02:00,2019-08-26 20:12:00,25.8,9.2,27.0
Lourdes Public Charter School,School Site:ATM-02,,44.7225,-122.6898,188.3,2019-08-25 20:15:25,2019-08-25 12:02:00,2019-08-25 20:12:00,25.0,12.6,28.5
Lourdes Public Charter School,School Site:ATM-02,,44.7225,-122.6898,188.3,2019-08-24 20:15:23,2019-08-24 12:01:00,2019-08-24 20:13:00,25.7,10.9,30.0
Lourdes Public Charter School,School Site:ATM-02,,44.7225,-122.6898,188.3,2019-08-23 20:15:50,2019-08-23 12:01:00,2019-08-23 20:13:00,24.5,9.2,25.0
Lourdes Public Charter School,School Site:ATM-02,,44.7225,-122.6898,188.3,2019-08-22 20:15:51,2019-08-22 12:01:00,2019-08-22 20:13:00,21.6,12.2,21.1
Lourdes Public Charter School,School Site:ATM-02,,44.7225,-122.6898,188.3,2019-08-19 20:15:28,2019-08-19 12:00:00,2019-08-19 20:14:00,25.0,11.8,28.8
Lourdes Public Charter School,School Site:ATM-02,,44.7225,-122.6898,188.3,2019-08-18 20:15:10,2019-08-18 11:59:00,2019-08-18 20:14:00,26.0,10.2,26.0
Lourdes Public Charter School,School Site:ATM-02,,44.7225,-122.6898,188.3,2019-08-17 20:15:27,2019-08-17 11:59:00,2019-08-17 20:14:00,22.5,11.2,26.7
Lourdes Public Charter School,School Site:ATM-02,,44.7225,-122.6898,188.3,2019-08-16 20:15:14,2019-08-16 11:59:00,2019-08-16 20:15:00,23.7,13.5,29.0
Lourdes Public Charter School,School Site:ATM-02,,44.7225,-122.6898,188.3,2019-08-15 20:15:18,2019-08-15 11:59:00,2019-08-15 20:15:00,25.8,13.7,32.2
Lourdes Public Charter School,School Site:ATM-02,,44.7225,-122.6898,188.3,2019-08-14 20:15:31,2019-08-14 11:59:00,2019-08-14 20:15:00,28.3,13.2,31.7
Lourdes Public Charter School,School Site:ATM-02,,44.7225,-122.6898,188.3,2019-08-13 20:15:33,2019-08-13 11:59:00,2019-08-13 20:15:00,28.5,12.9,30.1
Lourdes Public Charter School,School Site:ATM-02,,44.7225,-122.6898,188.3,2019-08-12 20:15:22,2019-08-12 11:58:00,2019-08-12 20:15:00,27.8,11.2,28.1
Lourdes Public Charter School,School Site:ATM-02,,44.7225,-122.6898,188.3,2019-08-11 20:15:57,2019-08-11 11:59:00,2019-08-11 20:16:00,21.9,14.3,22.9
Lourdes Public Charter School,School Site:ATM-02,,44.7225,-122.6898,188.3,2019-08-10 20:15:33,2019-08-10 11:58:00,2019-08-10 20:16:00,18.3,13.5,24.6
Lourdes Public Charter School,School Site:ATM-02,,44.7225,-122.6898,188.3,2019-08-09 20:15:14,2019-08-09 11:58:00,2019-08-09 20:16:00,21.0,15.8,21.5
Lourdes Public Charter School,School Site:ATM-02,,44.7225,-122.6898,188.3,2019-08-08 20:15:21,2019-08-08 11:58:00,2019-08-08 20:16:00,18.2,15.5,24.5
Lourdes Public Charter School,School Site:ATM-02,,44.7225,-122.6898,188.3,2019-08-07 20:15:34,2019-08-07 11:58:00,2019-08-07 20:16:00,19.6,14.1,28.9
Lourdes Public Charter School,School Site:ATM-02,,44.7225,-122.6898,188.3,2019-08-06 20:15:04,2019-08-06 11:57:00,2019-08-06 20:16:00,23.9,14.0,32.7
Lourdes Public Charter School,School Site:ATM-02,,44.7225,-122.6898,188.3,2019-08-05 20:14:57,2019-08-05 11:57:00,2019-08-05 20:16:00,29.5,14.4,33.7
Lourdes Public Charter School,School Site:ATM-02,,44.7225,-122.6898,188.3,2019-08-04 20:15:24,2019-08-04 11:57:00,2019-08-04 20:16:00,29.9,14.3,31.9
Lourdes Public Charter School,School Site:ATM-02,,44.7225,-122.6898,188.3,2019-08-03 20:15:11,2019-08-03 11:57:00,2019-08-03 20:16:00,29.1,15.0,29.1
Lourdes Public Charter School,School Site:ATM-02,,44.7225,-122.6898,188.3,2019-08-02 20:15:12,2019-08-02 11:57:00,2019-08-02 20:17:00,26.8,13.7,30.8
Lourdes Public Charter School,School Site:ATM-02,,44.7225,-122.6898,188.3,2018-04-10 20:15:27,2018-04-10 12:03:00,2018-04-10 20:12:00,13.9,9.7,21.9
Lourdes Public Charter School,School Site:ATM-02,,44.7225,-122.6898,188.3,2018-04-09 20:15:30,2018-04-09 12:02:00,2018-04-09 20:12:00,16.2,3.7,16.0
Lourdes Public Charter School,School Site:ATM-02,,44.7225,-122.6898,188.3,2018-04-08 20:14:46,2018-04-08 12:01:00,2018-04-08 20:12:00,8.0,6.5,13.0
Lourdes Public Charter School,School Site:ATM-02,,44.7225,-122.6898,188.3,2018-04-07 20:14:50,2018-04-07 12:01:00,2018-04-07 20:12:00,11.4,10.0,23.9
Lourdes Public Charter School,School Site:ATM-02,,44.7225,-122.6898,188.3,2018-04-06 20:14:54,2018-04-06 12:01:00,2018-04-06 20:13:00,19.6,11.1,19.2
Lourdes Public Charter School,School Site:ATM-02,,44.7225,-122.6898,188.3,2018-04-05 20:14:34,2018-04-05 12:00:00,2018-04-05 20:13:00,11.3,7.5,19.6
Lourdes Public Charter School,School Site:ATM-02,,44.7225,-122.6898,188.3,2018-04-04 20:14:50,2018-04-04 12:00:00,2018-04-04 20:13:00,14.9,5.6,15.2
Lourdes Public Charter School,School Site:ATM-02,,44.7225,-122.6898,188.3,2018-04-03 20:14:40,2018-04-03 11:59:00,2018-04-03 20:14:00,9.6,-1.3,12.9
Lourdes Public Charter School,School Site:ATM-02,,44.7225,-122.6898,188.3,2018-04-02 20:14:49,2018-04-02 11:59:00,2018-04-02 20:14:00,10.0,1.3,10.0
Lourdes Public Charter School,School Site:ATM-02,,44.7225,-122.6898,188.3,2018-04-01 20:14:47,2018-04-01 11:59:00,2018-04-01 20:14:00,5.4,2.0,16.5
Lourdes Public Charter School,School Site:ATM-02,,44.7225,-122.6898,188.3,2018-03-31 20:14:46,2018-03-31 11:58:00,2018-03-31 20:14:00,11.7,4.7,15.1
Lourdes Public Charter School,School Site:ATM-02,,44.7225,-122.6898,188.3,2018-03-30 20:14:52,2018-03-30 11:58:00,2018-03-30 20:15:00,16.2,2.4,16.2
Lourdes Public Charter School,School Site:ATM-02,,44.7225,-122.6898,188.3,2018-03-29 20:14:43,2018-03-29 11:58:00,2018-03-29 20:15:00,13.3,0.8,16.4
Lourdes Public Charter School,School Site:ATM-02,,44.7225,-122.6898,188.3,2018-03-28 20:14:50,2018-03-28 11:57:00,2018-03-28 20:15:00,11.9,7.1,12.5
Lourdes Public Charter School,School Site:ATM-02,,44.7225,-122.6898,188.3,2018-03-27 20:15:24,2018-03-27 11:58:00,2018-03-27 20:16:00,9.6,5.1,10.4
Lourdes Public Charter School,School Site:ATM-02,,44.7225,-122.6898,188.3,2018-03-26 20:14:53,2018-03-26 11:57:00,2018-03-26 20:16:00,7.3,1.3,9.6
Lourdes Public Charter School,School Site:ATM-02,,44.7225,-122.6898,188.3,2018-03-25 20:15:22,2018-03-25 11:57:00,2018-03-25 20:16:00,7.5,2.1,7.6
Lourdes Public Charter School,School Site:ATM-02,,44.7225,-122.6898,188.3,2018-03-24 20:14:56,2018-03-24 11:56:00,2018-03-24 20:17:00,6.8,0.2,7.3
Lourdes Public Charter School,School Site:ATM-02,,44.7225,-122.6898,188.3,2018-03-23 20:14:50,2018-03-23 11:56:00,2018-03-23 20:17:00,3.9,1.3,9.0
Lourdes Public Charter School,School Site:ATM-02,,44.7225,-122.6898,188.3,2018-03-22 20:14:42,2018-03-22 11:55:00,2018-03-22 20:17:00,5.7,3.2,14.8
Lourdes Public Charter School,School Site:ATM-02,,44.7225,-122.6898,188.3,2018-03-21 20:14:49,2018-03-21 11:55:00,2018-03-21 20:17:00,12.2,5.2,16.1
Lourdes Public Charter School,School Site:ATM-02,,44.7225,-122.6898,188.3,2018-03-20 20:14:48,2018-03-20 11:55:00,2018-03-20 20:18:00,13.8,0.0,13.8
Lourdes Public Charter School,School Site:ATM-02,,44.7225,-122.6898,188.3,2018-03-19 20:14:36,2018-03-19 11:54:00,2018-03-19 20:18:00,9.2,-0.9,13.1
Lourdes Public Charter School,School Site:ATM-02,,44.7225,-122.6898,188.3,2018-03-18 20:15:25,2018-03-18 11:54:00,2018-03-18 20:18:00,11.7,3.5,11.7
Lourdes Public Charter School,School Site:ATM-02,,44.7225,-122.6898,188.3,2018-03-17 20:14:47,2018-03-17 11:53:00,2018-03-17 20:19:00,7.6,2.6,11.1
Lourdes Public Charter School,School Site:ATM-02,,44.7225,-122.6898,188.3,2018-03-16 20:14:41,2018-03-16 11:53:00,2018-03-16 20:19:00,8.6,1.9,13.3
Lourdes Public Charter School,School Site:ATM-02,,44.7225,-122.6898,188.3,2018-03-15 20:14:49,2018-03-15 11:53:00,2018-03-15 20:19:00,11.8,0.9,13.2
Lourdes Public Charter School,School Site:ATM-02,,44.7225,-122.6898,188.3,2018-03-14 20:14:43,2018-03-14 11:52:00,2018-03-14 20:19:00,9.6,4.4,11.1
Lourdes Public Charter School,School Site:ATM-02,,44.7225,-122.6898,188.3,2018-03-13 20:29:52,2018-03-13 12:07:00,2018-03-13 20:20:00,7.8,7.9,21.1
Lourdes Public Charter School,School Site:ATM-02,,44.7225,-122.6898,188.3,2018-03-12 20:29:41,2018-03-12 12:07:00,2018-03-12 20:20:00,17.6,4.8,19.7
Lourdes Public Charter School,School Site:ATM-02,,44.7225,-122.6898,188.3,2018-03-10 20:29:52,2018-03-10 12:06:00,2018-03-10 20:21:00,10.7,0.5,11.4
Lourdes Public Charter School,School Site:ATM-02,,44.7225,-122.6898,188.3,2018-03-09 20:29:50,2018-03-09 12:06:00,2018-03-09 20:21:00,11.4,6.3,10.8
Lourdes Public Charter School,School Site:ATM-02,,44.7225,-122.6898,188.3,2018-03-08 20:29:41,2018-03-08 12:06:00,2018-03-08 20:21:00,9.0,3.7,13.6
Lourdes Public Charter School,School Site:ATM-02,,44.7225,-122.6898,188.3,2018-03-07 20:29:45,2018-03-07 12:05:00,2018-03-07 20:21:00,9.8,0.6,12.9
Lourdes Public Charter School,School Site:ATM-02,,44.7225,-122.6898,188.3,2018-03-06 20:29:49,2018-03-06 12:05:00,2018-03-06 20:22:00,10.5,-1.7,14.3
Lourdes Public Charter School,School Site:ATM-02,,44.7225,-122.6898,188.3,2018-03-05 20:29:44,2018-03-05 12:05:00,2018-03-05 20:22:00,9.7,2.3,10.6
Lourdes Public Charter School,School Site:ATM-02,,44.7225,-122.6898,188.3,2018-03-04 20:29:41,2018-03-04 12:05:00,2018-03-04 20:22:00,6.7,1.0,11.1
Lourdes Public Charter School,School Site:ATM-02,,44.7225,-122.6898,188.3,2018-03-03 20:29:46,2018-03-03 12:04:00,2018-03-03 20:22:00,9.1,0.2,9.9
Lourdes Public Charter School,School Site:ATM-02,,44.7225,-122.6898,188.3,2018-03-02 20:06:08,2018-03-02 11:41:00,2018-03-02 20:22:00,7.5,1.0,8.1
Lourdes Public Charter School,School Site:ATM-02,,44.7225,-122.6898,188.3,2018-03-01 20:29:46,2018-03-01 12:04:00,2018-03-01 20:23:00,5.9,2.1,9.6
Lourdes Public Charter School,School Site:ATM-02,,44.7225,-122.6898,188.3,2018-02-28 20:29:47,2018-02-28 12:04:00,2018-02-28 20:23:00,5.8,3.4,6.8
Lourdes Public Charter School,School Site:ATM-02,,44.7225,-122.6898,188.3,2018-02-27 20:29:50,2018-02-27 12:04:00,2018-02-27 20:23:00,5.3,-1.5,9.4
Lourdes Public Charter School,School Site:ATM-02,,44.7225,-122.6898,188.3,2018-02-26 20:29:41,2018-02-26 12:03:00,2018-02-26 20:23:00,4.1,-0.9,6.5
Lourdes Public Charter School,School Site:ATM-02,,44.7225,-122.6898,188.3,2018-02-25 20:29:51,2018-02-25 12:03:00,2018-02-25 20:23:00,4.7,3.1,6.9
Lourdes Public Charter School,School Site:ATM-02,,44.7225,-122.6898,188.3,2018-02-24 20:29:46,2018-02-24 12:03:00,2018-02-24 20:23:00,4.9,1.0,4.4
Lourdes Public Charter School,School Site:ATM-02,,44.7225,-122.6898,188.3,2018-02-23 20:29:45,2018-02-23 12:03:00,2018-02-23 20:24:00,2.9,-5.9,4.3
Lourdes Public Charter School,School Site:ATM-02,,44.7225,-122.6898,188.3,2018-02-22 20:29:50,2018-02-22 12:03:00,2018-02-22 20:24:00,2.0,-0.6,2.3
Lourdes Public Charter School,School Site:ATM-02,,44.7225,-122.6898,188.3,2018-02-21 20:29:41,2018-02-21 12:03:00,2018-02-21 20:24:00,-0.6,-2.4,3.9
Lourdes Public Charter School,School Site:ATM-02,,44.7225,-122.6898,188.3,2018-02-18 20:29:38,2018-02-18 12:02:00,2018-02-18 20:24:00,1.0,-0.2,9.4
Lourdes Public Charter School,School Site:ATM-02,,44.7225,-122.6898,188.3,2018-02-17 20:29:52,2018-02-17 12:02:00,2018-02-17 20:24:00,9.4,6.0,9.4
Lourdes Public Charter School,School Site:ATM-02,,44.7225,-122.6898,188.3,2018-02-16 20:29:48,2018-02-16 12:02:00,2018-02-16 20:24:00,7.0,3.1,9.9
Lourdes Public Charter School,School Site:ATM-02,,44.7225,-122.6898,188.3,2018-02-15 20:29:46,2018-02-15 12:02:00,2018-02-15 20:24:00,6.6,3.1,9.7
Lourdes Public Charter School,School Site:ATM-02,,44.7225,-122.6898,188.3,2018-02-14 20:29:39,2018-02-14 12:02:00,2018-02-14 20:24:00,5.5,-0.1,10.7
Lourdes Public Charter School,School Site:ATM-02,,44.7225,-122.6898,188.3,2018-02-13 20:29:48,2018-02-13 12:02:00,2018-02-13 20:24:00,6.7,-4.7,10.7
Lourdes Public Charter School,School Site:ATM-02,,44.7225,-122.6898,188.3,2018-02-12 20:29:43,2018-02-12 12:02:00,2018-02-12 20:24:00,10.4,-0.2,9.3
Lourdes Public Charter School,School Site:ATM-02,,44.7225,-122.6898,188.3,2018-02-09 20:30:48,2018-02-09 12:03:00,2018-02-09 20:24:00,10.2,5.2,16.0
Lourdes Public Charter School,School Site:ATM-02,,44.7225,-122.6898,188.3,2018-02-08 20:30:48,2018-02-08 12:03:00,2018-02-08 20:24:00,13.6,3.8,16.0
Lourdes Public Charter School,School Site:ATM-02,,44.7225,-122.6898,188.3,2018-02-07 20:30:52,2018-02-07 12:04:00,2018-02-07 20:24:00,13.5,3.0,14.2
Lourdes Public Charter School,School Site:ATM-02,,44.7225,-122.6898,188.3,2018-02-06 20:30:26,2018-02-06 12:03:00,2018-02-06 20:24:00,11.2,1.6,15.6
Lourdes Public Charter School,School Site:ATM-02,,44.7225,-122.6898,188.3,2018-02-05 20:30:51,2018-02-05 12:04:00,2018-02-05 20:24:00,12.5,8.4,14.0
Lourdes Public Charter School,School Site:ATM-02,,44.7225,-122.6898,188.3,2018-02-04 20:29:54,2018-02-04 12:03:00,2018-02-04 20:24:00,13.1,8.8,15.5
Lourdes Public Charter School,School Site:ATM-02,,44.7225,-122.6898,188.3,2018-02-03 20:30:02,2018-02-03 12:03:00,2018-02-03 20:24:00,14.5,9.2,15.8
Lourdes Public Charter School,School Site:ATM-02,,44.7225,-122.6898,188.3,2018-02-02 20:30:53,2018-02-02 12:04:00,2018-02-02 20:24:00,15.8,7.9,16.4
Lourdes Public Charter School,School Site:ATM-02,,44.7225,-122.6898,188.3,2018-02-01 20:30:48,2018-02-01 12:04:00,2018-02-01 20:24:00,9.2,3.9,8.8
Lourdes Public Charter School,School Site:ATM-02,,44.7225,-122.6898,188.3,2018-01-31 20:30:22,2018-01-31 12:04:00,2018-01-31 20:24:00,8.3,2.8,10.2
Lourdes Public Charter School,School Site:ATM-02,,44.7225,-122.6898,188.3,2018-01-30 20:30:52,2018-01-30 12:05:00,2018-01-30 20:24:00,8.1,4.8,14.3
Lourdes Public Charter School,School Site:ATM-02,,44.7225,-122.6898,188.3,2018-01-29 20:30:51,2018-01-29 12:05:00,2018-01-29 20:23:00,11.2,5.6,17.6
Lourdes Public Charter School,School Site:ATM-02,,44.7225,-122.6898,188.3,2018-01-28 20:30:49,2018-01-28 12:05:00,2018-01-28 20:23:00,16.2,9.1,16.5
Lourdes Public Charter School,School Site:ATM-02,,44.7225,-122.6898,188.3,2018-01-27 20:30:00,2018-01-27 12:05:00,2018-01-27 20:23:00,9.1,5.0,9.3
Lourdes Public Charter School,School Site:ATM-02,,44.7225,-122.6898,188.3,2018-01-26 20:30:45,2018-01-26 12:06:00,2018-01-26 20:23:00,7.1,2.7,7.2
Lourdes Public Charter School,School Site:ATM-02,,44.7225,-122.6898,188.3,2018-01-25 20:30:51,2018-01-25 12:06:00,2018-01-25 20:23:00,4.7,2.1,8.2
Lourdes Public Charter School,School Site:ATM-02,,44.7225,-122.6898,188.3,2018-01-24 20:30:59,2018-01-24 12:06:00,2018-01-24 20:22:00,6.8,6.5,11.3
Lourdes Public Charter School,School Site:ATM-02,,44.7225,-122.6898,188.3,2018-01-23 20:30:59,2018-01-23 12:07:00,2018-01-23 20:22:00,8.0,3.6,10.4
Lourdes Public Charter School,School Site:ATM-02,,44.7225,-122.6898,188.3,2018-01-22 20:30:05,2018-01-22 12:06:00,2018-01-22 20:22:00,8.2,3.9,8.3
Lourdes Public Charter School,School Site:ATM-02,,44.7225,-122.6898,188.3,2018-01-21 20:30:01,2018-01-21 12:06:00,2018-01-21 20:22:00,6.6,5.8,9.0
Lourdes Public Charter School,School Site:ATM-02,,44.7225,-122.6898,188.3,2018-01-20 20:30:01,2018-01-20 12:07:00,2018-01-20 20:21:00,6.6,3.4,6.8
Lourdes Public Charter School,School Site:ATM-02,,44.7225,-122.6898,188.3,2018-01-19 20:15:34,2018-01-19 11:53:00,2018-01-19 20:21:00,6.0,3.3,6.0
Lourdes Public Charter School,School Site:ATM-02,,44.7225,-122.6898,188.3,2018-01-18 20:15:30,2018-01-18 11:53:00,2018-01-18 20:21:00,4.1,4.1,19.3
Lourdes Public Charter School,School Site:ATM-02,,44.7225,-122.6898,188.3,2018-01-17 20:15:51,2018-01-17 11:54:00,2018-01-17 20:20:00,10.1,5.1,15.2
Lourdes Public Charter School,School Site:ATM-02,,44.7225,-122.6898,188.3,2018-01-16 20:15:47,2018-01-16 11:54:00,2018-01-16 20:20:00,12.7,6.5,12.7
Lourdes Public Charter School,School Site:ATM-02,,44.7225,-122.6898,188.3,2018-01-15 20:15:45,2018-01-15 11:54:00,2018-01-15 20:20:00,10.0,1.4,13.2
Lourdes Public Charter School,School Site:ATM-02,,44.7225,-122.6898,188.3,2018-01-14 20:15:32,2018-01-14 11:54:00,2018-01-14 20:19:00,11.5,3.1,15.0
Lourdes Public Charter School,School Site:ATM-02,,44.7225,-122.6898,188.3,2018-01-13 20:15:29,2018-01-13 11:55:00,2018-01-13 20:19:00,10.9,3.8,13.1
Lourdes Public Charter School,School Site:ATM-02,,44.7225,-122.6898,188.3,2018-01-12 20:15:48,2018-01-12 11:56:00,2018-01-12 20:19:00,11.6,8.7,12.2
Lourdes Public Charter School,School Site:ATM-02,,44.7225,-122.6898,188.3,2018-01-10 20:16:35,2018-01-10 11:57:00,2018-01-10 20:18:00,8.7,3.8,9.6
Lourdes Public Charter School,School Site:ATM-02,,44.7225,-122.6898,188.3,2017-12-31 20:15:40,2017-12-31 12:01:00,2017-12-31 20:13:00,2.3,-2.3,12.8
Lourdes Public Charter School,School Site:ATM-02,,44.7225,-122.6898,188.3,2017-12-30 20:15:26,2017-12-30 12:01:00,2017-12-30 20:13:00,12.0,5.2,12.2
Lourdes Public Charter School,School Site:ATM-02,,44.7225,-122.6898,188.3,2017-12-29 20:15:40,2017-12-29 12:02:00,2017-12-29 20:12:00,11.6,7.2,13.3
Lourdes Public Charter School,School Site:ATM-02,,44.7225,-122.6898,188.3,2017-12-28 20:15:38,2017-12-28 12:03:00,2017-12-28 20:12:00,7.6,4.6,9.4
Lourdes Public Charter School,School Site:ATM-02,,44.7225,-122.6898,188.3,2017-12-27 20:15:36,2017-12-27 12:03:00,2017-12-27 20:11:00,9.2,-1.6,9.1
Lourdes Public Charter School,School Site:ATM-02,,44.7225,-122.6898,188.3,2017-12-26 20:15:46,2017-12-26 12:04:00,2017-12-26 20:11:00,-1.6,-1.4,8.4
Lourdes Public Charter School,School Site:ATM-02,,44.7225,-122.6898,188.3,2017-12-25 20:15:28,2017-12-25 12:04:00,2017-12-25 20:10:00,7.7,-1.2,7.9
Lourdes Public Charter School,School Site:ATM-02,,44.7225,-122.6898,188.3,2017-12-24 20:15:25,2017-12-24 12:05:00,2017-12-24 20:10:00,-0.8,-1.9,4.3
Lourdes Public Charter School,School Site:ATM-02,,44.7225,-122.6898,188.3,2017-12-23 20:15:44,2017-12-23 12:05:00,2017-12-23 20:09:00,3.9,3.2,5.4
Lourdes Public Charter School,School Site:ATM-02,,44.7225,-122.6898,188.3,2017-12-22 20:15:44,2017-12-22 12:06:00,2017-12-22 20:09:00,3.2,-1.7,4.9
Lourdes Public Charter School,School Site:ATM-02,,44.7225,-122.6898,188.3,2017-12-21 20:15:47,2017-12-21 12:07:00,2017-12-21 20:08:00,0.4,-3.3,5.9
Lourdes Public Charter School,School Site:ATM-02,,44.7225,-122.6898,188.3,2017-12-20 20:15:32,2017-12-20 12:07:00,2017-12-20 20:08:00,4.6,2.3,8.8
Lourdes Public Charter School,School Site:ATM-02,,44.7225,-122.6898,188.3,2017-12-19 19:59:45,2017-12-19 11:52:00,2017-12-19 20:07:00,9.0,9.0,12.2
Lourdes Public Charter School,School Site:ATM-02,,44.7225,-122.6898,188.3,2017-12-18 19:59:30,2017-12-18 11:52:00,2017-12-18 20:07:00,10.5,3.0,11.9
Lourdes Public Charter School,School Site:ATM-02,,44.7225,-122.6898,188.3,2017-12-17 19:59:36,2017-12-17 11:52:00,2017-12-17 20:06:00,6.6,1.6,8.7
Lourdes Public Charter School,School Site:ATM-02,,44.7225,-122.6898,188.3,2017-12-16 19:59:41,2017-12-16 11:53:00,2017-12-16 20:06:00,6.3,1.4,6.3
Lourdes Public Charter School,School Site:ATM-02,,44.7225,-122.6898,188.3,2017-12-15 19:59:45,2017-12-15 11:54:00,2017-12-15 20:06:00,2.5,-1.8,6.2
Lourdes Public Charter School,School Site:ATM-02,,44.7225,-122.6898,188.3,2017-12-14 19:59:48,2017-12-14 11:54:00,2017-12-14 20:05:00,4.3,-3.6,8.0
Lourdes Public Charter School,School Site:ATM-02,,44.7225,-122.6898,188.3,2017-12-13 19:59:47,2017-12-13 11:55:00,2017-12-13 20:05:00,3.2,-2.7,5.3
Lourdes Public Charter School,School Site:ATM-02,,44.7225,-122.6898,188.3,2017-12-12 19:59:41,2017-12-12 11:55:00,2017-12-12 20:04:00,1.9,-3.6,7.5
Lourdes Public Charter School,School Site:ATM-02,,44.7225,-122.6898,188.3,2017-12-11 19:59:46,2017-12-11 11:56:00,2017-12-11 20:04:00,3.7,-3.8,7.5
Lourdes Public Charter School,School Site:ATM-02,,44.7225,-122.6898,188.3,2017-12-10 19:59:35,2017-12-10 11:56:00,2017-12-10 20:03:00,4.1,-4.4,6.1
Lourdes Public Charter School,School Site:ATM-02,,44.7225,-122.6898,188.3,2017-12-09 19:59:45,2017-12-09 11:57:00,2017-12-09 20:03:00,3.2,-3.3,8.2
Lourdes Public Charter School,School Site:ATM-02,,44.7225,-122.6898,188.3,2017-12-08 19:59:46,2017-12-08 11:57:00,2017-12-08 20:02:00,5.0,-3.0,10.2
Lourdes Public Charter School,School Site:ATM-02,,44.7225,-122.6898,188.3,2017-12-07 19:59:53,2017-12-07 11:58:00,2017-12-07 20:02:00,7.4,-1.7,17.6
Lourdes Public Charter School,School Site:ATM-02,,44.7225,-122.6898,188.3,2017-12-06 19:59:38,2017-12-06 11:58:00,2017-12-06 20:01:00,9.6,0.3,9.6
Lourdes Public Charter School,School Site:ATM-02,,44.7225,-122.6898,188.3,2017-12-05 19:59:39,2017-12-05 11:58:00,2017-12-05 20:01:00,2.4,-0.8,9.3
Lourdes Public Charter School,School Site:ATM-02,,44.7225,-122.6898,188.3,2017-12-04 19:59:51,2017-12-04 11:59:00,2017-12-04 20:01:00,8.0,-0.1,8.8
Lourdes Public Charter School,School Site:ATM-02,,44.7225,-122.6898,188.3,2017-12-03 19:59:40,2017-12-03 11:59:00,2017-12-03 20:00:00,6.0,3.9,6.7
Lourdes Public Charter School,School Site:ATM-02,,44.7225,-122.6898,188.3,2017-12-02 19:44:37,2017-12-02 11:45:00,2017-12-02 20:00:00,6.9,5.9,9.7
Lourdes Public Charter School,School Site:ATM-02,,44.7225,-122.6898,188.3,2017-12-01 19:44:41,2017-12-01 11:45:00,2017-12-01 19:59:00,7.5,6.5,8.5
Lourdes Public Charter School,School Site:ATM-02,,44.7225,-122.6898,188.3,2017-11-30 19:44:46,2017-11-30 11:46:00,2017-11-30 19:59:00,8.3,1.4,12.4
Lourdes Public Charter School,School Site:ATM-02,,44.7225,-122.6898,188.3,2017-11-29 19:44:49,2017-11-29 11:46:00,2017-11-29 19:59:00,11.3,3.7,11.4
Lourdes Public Charter School,School Site:ATM-02,,44.7225,-122.6898,188.3,2017-11-28 19:44:49,2017-11-28 11:47:00,2017-11-28 19:58:00,6.3,3.9,11.9
Lourdes Public Charter School,School Site:ATM-02,,44.7225,-122.6898,188.3,2017-11-27 19:44:40,2017-11-27 11:47:00,2017-11-27 19:58:00,7.5,4.0,10.0
Lourdes Public Charter School,School Site:ATM-02,,44.7225,-122.6898,188.3,2017-11-26 19:44:48,2017-11-26 11:47:00,2017-11-26 19:58:00,9.4,5.4,13.1
Lourdes Public Charter School,School Site:ATM-02,,44.7225,-122.6898,188.3,2017-11-25 19:44:51,2017-11-25 11:48:00,2017-11-25 19:57:00,5.7,2.8,15.0
Lourdes Public Charter School,School Site:ATM-02,,44.7225,-122.6898,188.3,2017-11-24 19:44:47,2017-11-24 11:48:00,2017-11-24 19:57:00,12.1,6.3,15.0
Lourdes Public Charter School,School Site:ATM-02,,44.7225,-122.6898,188.3,2017-11-23 19:44:46,2017-11-23 11:48:00,2017-11-23 19:57:00,14.9,14.2,17.2
Lourdes Public Charter School,School Site:ATM-02,,44.7225,-122.6898,188.3,2017-11-22 19:44:49,2017-11-22 11:49:00,2017-11-22 19:56:00,16.2,13.0,16.5
Lourdes Public Charter School,School Site:ATM-02,,44.7225,-122.6898,188.3,2017-11-21 19:44:48,2017-11-21 11:49:00,2017-11-21 19:56:00,13.4,7.8,17.0
Lourdes Public Charter School,School Site:ATM-02,,44.7225,-122.6898,188.3,2017-11-20 19:44:40,2017-11-20 11:49:00,2017-11-20 19:56:00,10.7,7.5,12.6
Lourdes Public Charter School,School Site:ATM-02,,44.7225,-122.6898,188.3,2017-11-19 19:44:48,2017-11-19 11:50:00,2017-11-19 19:56:00,10.0,-1.0,10.3
Lourdes Public Charter School,School Site:ATM-02,,44.7225,-122.6898,188.3,2017-11-18 19:44:38,2017-11-18 11:50:00,2017-11-18 19:55:00,6.3,1.3,9.1
Lourdes Public Charter School,School Site:ATM-02,,44.7225,-122.6898,188.3,2017-11-17 19:44:45,2017-11-17 11:50:00,2017-11-17 19:55:00,7.1,4.0,9.1
Lourdes Public Charter School,School Site:ATM-02,,44.7225,-122.6898,188.3,2017-11-16 19:44:42,2017-11-16 11:50:00,2017-11-16 19:55:00,6.9,3.9,8.4
Lourdes Public Charter School,School Site:ATM-02,,44.7225,-122.6898,188.3,2017-11-15 19:44:58,2017-11-15 11:51:00,2017-11-15 19:55:00,8.7,8.1,14.6
Lourdes Public Charter School,School Site:ATM-02,,44.7225,-122.6898,188.3,2017-11-14 19:44:48,2017-11-14 11:51:00,2017-11-14 19:55:00,13.3,5.9,13.5
Lourdes Public Charter School,School Site:ATM-02,,44.7225,-122.6898,188.3,2017-11-13 19:44:51,2017-11-13 11:51:00,2017-11-13 19:55:00,8.3,6.8,17.8
Lourdes Public Charter School,School Site:ATM-02,,44.7225,-122.6898,188.3,2017-11-12 19:44:50,2017-11-12 11:51:00,2017-11-12 19:54:00,13.2,8.9,16.0
Lourdes Public Charter School,School Site:ATM-02,,44.7225,-122.6898,188.3,2017-11-11 19:44:49,2017-11-11 11:51:00,2017-11-11 19:54:00,14.0,8.5,15.0
Lourdes Public Charter School,School Site:ATM-02,,44.7225,-122.6898,188.3,2017-11-10 19:44:52,2017-11-10 11:51:00,2017-11-10 19:54:00,12.0,6.5,13.6
Lourdes Public Charter School,School Site:ATM-02,,44.7225,-122.6898,188.3,2017-11-09 19:44:50,2017-11-09 11:52:00,2017-11-09 19:54:00,12.3,5.5,12.3
Lourdes Public Charter School,School Site:ATM-02,,44.7225,-122.6898,188.3,2017-11-08 19:44:46,2017-11-08 11:52:00,2017-11-08 19:54:00,6.8,3.2,9.5
Lourdes Public Charter School,School Site:ATM-02,,44.7225,-122.6898,188.3,2017-11-07 19:45:02,2017-11-07 11:52:00,2017-11-07 19:54:00,5.5,0.9,12.4
Lourdes Public Charter School,School Site:ATM-02,,44.7225,-122.6898,188.3,2017-11-06 19:45:02,2017-11-06 11:52:00,2017-11-06 19:54:00,10.7,4.9,11.7
Lourdes Public Charter School,School Site:ATM-02,,44.7225,-122.6898,188.3,2017-11-04 19:44:41,2017-11-04 11:52:00,2017-11-04 19:54:00,8.0,2.4,10.9
Lourdes Public Charter School,School Site:ATM-02,,44.7225,-122.6898,188.3,2017-11-03 19:44:27,2017-11-03 11:52:00,2017-11-03 19:54:00,9.9,4.8,10.8
Lourdes Public Charter School,School Site:ATM-02,,44.7225,-122.6898,188.3,2017-11-02 19:44:39,2017-11-02 11:52:00,2017-11-02 19:54:00,10.1,8.5,15.6
Lourdes Public Charter School,School Site:ATM-02,,44.7225,-122.6898,188.3,2017-11-01 19:44:07,2017-11-01 11:51:00,2017-11-01 19:54:00,13.2,4.1,16.9
Lourdes Public Charter School,School Site:ATM-02,,44.7225,-122.6898,188.3,2017-10-31 19:44:51,2017-10-31 11:52:00,2017-10-31 19:54:00,14.8,0.0,20.5
Lourdes Public Charter School,School Site:ATM-02,,44.7225,-122.6898,188.3,2017-10-30 19:44:46,2017-10-30 11:52:00,2017-10-30 19:54:00,19.2,6.8,19.2
Lourdes Public Charter School,School Site:ATM-02,,44.7225,-122.6898,188.3,2017-10-29 19:44:48,2017-10-29 11:52:00,2017-10-29 19:54:00,12.7,9.7,20.5
Lourdes Public Charter School,School Site:ATM-02,,44.7225,-122.6898,188.3,2017-10-28 19:44:49,2017-10-28 11:52:00,2017-10-28 19:54:00,18.6,7.1,24.8
Lourdes Public Charter School,School Site:ATM-02,,44.7225,-122.6898,188.3,2017-10-27 19:44:53,2017-10-27 11:52:00,2017-10-27 19:54:00,17.6,6.9,20.8
Lourdes Public Charter School,School Site:ATM-02,,44.7225,-122.6898,188.3,2017-10-26 19:44:53,2017-10-26 11:52:00,2017-10-26 19:54:00,11.8,10.5,21.0
Lourdes Public Charter School,School Site:ATM-02,,44.7225,-122.6898,188.3,2017-10-25 19:44:52,2017-10-25 11:52:00,2017-10-25 19:54:00,14.8,6.7,22.0
Lourdes Public Charter School,School Site:ATM-02,,44.7225,-122.6898,188.3,2017-10-24 19:44:36,2017-10-24 11:51:00,2017-10-24 19:54:00,16.0,8.8,18.5
Lourdes Public Charter School,School Site:ATM-02,,44.7225,-122.6898,188.3,2017-10-23 19:45:45,2017-10-23 11:52:00,2017-10-23 19:55:00,14.3,7.4,15.4
Lourdes Public Charter School,School Site:ATM-02,,44.7225,-122.6898,188.3,2017-10-22 19:44:46,2017-10-22 11:51:00,2017-10-22 19:55:00,14.2,11.2,14.8
Lourdes Public Charter School,School Site:ATM-02,,44.7225,-122.6898,188.3,2017-10-21 19:44:50,2017-10-21 11:51:00,2017-10-21 19:55:00,11.7,5.7,11.7
Lourdes Public Charter School,School Site:ATM-02,,44.7225,-122.6898,188.3,2017-10-20 19:45:03,2017-10-20 11:51:00,2017-10-20 19:55:00,9.5,7.2,12.3
Lourdes Public Charter School,School Site:ATM-02,,44.7225,-122.6898,188.3,2017-10-19 19:44:41,2017-10-19 11:51:00,2017-10-19 19:55:00,11.3,10.6,20.1
Lourdes Public Charter School,School Site:ATM-02,,44.7225,-122.6898,188.3,2018-12-19 20:15:29,2018-12-19 12:07:00,2018-12-19 20:07:00,17.1,10.5,17.4
Lourdes Public Charter School,School Site:ATM-02,,44.7225,-122.6898,188.3,2018-12-18 20:14:43,2018-12-18 12:07:00,2018-12-18 20:07:00,14.3,10.2,15.1
Lourdes Public Charter School,School Site:ATM-02,,44.7225,-122.6898,188.3,2018-12-17 19:59:52,2018-12-17 11:53:00,2018-12-17 20:06:00,14.2,8.8,14.2
Lourdes Public Charter School,School Site:ATM-02,,44.7225,-122.6898,188.3,2018-12-16 19:59:38,2018-12-16 11:53:00,2018-12-16 20:06:00,10.9,8.1,18.5
Lourdes Public Charter School,School Site:ATM-02,,44.7225,-122.6898,188.3,2018-12-15 19:59:50,2018-12-15 11:54:00,2018-12-15 20:05:00,14.2,5.2,14.2
Lourdes Public Charter School,School Site:ATM-02,,44.7225,-122.6898,188.3,2018-12-14 19:59:42,2018-12-14 11:54:00,2018-12-14 20:05:00,11.7,4.8,17.4
Lourdes Public Charter School,School Site:ATM-02,,44.7225,-122.6898,188.3,2018-12-11 19:59:45,2018-12-11 11:56:00,2018-12-11 20:03:00,9.2,3.7,12.3
Lourdes Public Charter School,School Site:ATM-02,,44.7225,-122.6898,188.3,2018-12-10 19:59:45,2018-12-10 11:56:00,2018-12-10 20:03:00,11.3,3.8,11.5
Lourdes Public Charter School,School Site:ATM-02,,44.7225,-122.6898,188.3,2018-12-09 19:59:42,2018-12-09 11:57:00,2018-12-09 20:03:00,4.1,1.6,5.8
Lourdes Public Charter School,School Site:ATM-02,,44.7225,-122.6898,188.3,2018-12-08 19:59:38,2018-12-08 11:57:00,2018-12-08 20:02:00,4.0,0.1,4.3
Lourdes Public Charter School,School Site:ATM-02,,44.7225,-122.6898,188.3,2018-12-07 19:59:48,2018-12-07 11:58:00,2018-12-07 20:02:00,1.7,-3.8,7.3
Lourdes Public Charter School,School Site:ATM-02,,44.7225,-122.6898,188.3,2018-12-06 19:59:51,2018-12-06 11:58:00,2018-12-06 20:01:00,3.9,-3.5,9.8
Lourdes Public Charter School,School Site:ATM-02,,44.7225,-122.6898,188.3,2018-12-05 19:59:50,2018-12-05 11:59:00,2018-12-05 20:01:00,5.0,-2.5,12.4
Lourdes Public Charter School,School Site:ATM-02,,44.7225,-122.6898,188.3,2018-12-04 19:59:48,2018-12-04 11:59:00,2018-12-04 20:00:00,12.1,-0.5,12.1
Lourdes Public Charter School,School Site:ATM-02,,44.7225,-122.6898,188.3,2018-12-03 19:44:46,2018-12-03 11:44:00,2018-12-03 20:00:00,4.2,-0.8,10.0
Lourdes Public Charter School,School Site:ATM-02,,44.7225,-122.6898,188.3,2018-12-02 19:44:42,2018-12-02 11:45:00,2018-12-02 20:00:00,8.6,4.4,8.6
Lourdes Public Charter School,School Site:ATM-02,,44.7225,-122.6898,188.3,2018-12-01 19:44:43,2018-12-01 11:45:00,2018-12-01 19:59:00,6.9,3.8,8.6
Lourdes Public Charter School,School Site:ATM-02,,44.7225,-122.6898,188.3,2018-11-30 19:44:47,2018-11-30 11:46:00,2018-11-30 19:59:00,8.9,6.3,8.9
Lourdes Public Charter School,School Site:ATM-02,,44.7225,-122.6898,188.3,2018-11-29 19:45:01,2018-11-29 11:46:00,2018-11-29 19:59:00,6.6,3.4,11.2
Lourdes Public Charter School,School Site:ATM-02,,44.7225,-122.6898,188.3,2018-11-28 19:44:46,2018-11-28 11:47:00,2018-11-28 19:58:00,10.4,8.0,13.8
Lourdes Public Charter School,School Site:ATM-02,,44.7225,-122.6898,188.3,2018-11-27 19:44:53,2018-11-27 11:47:00,2018-11-27 19:58:00,13.2,10.6,16.7
Lourdes Public Charter School,School Site:ATM-02,,44.7225,-122.6898,188.3,2018-11-26 19:44:51,2018-11-26 11:47:00,2018-11-26 19:58:00,11.2,4.2,11.5
Lourdes Public Charter School,School Site:ATM-02,,44.7225,-122.6898,188.3,2018-11-25 19:44:46,2018-11-25 11:48:00,2018-11-25 19:57:00,4.1,1.2,10.7
Lourdes Public Charter School,School Site:ATM-02,,44.7225,-122.6898,188.3,2018-11-24 19:44:46,2018-11-24 11:48:00,2018-11-24 19:57:00,9.1,3.8,11.0
Lourdes Public Charter School,School Site:ATM-02,,44.7225,-122.6898,188.3,2018-11-23 19:44:42,2018-11-23 11:48:00,2018-11-23 19:57:00,10.4,6.9,10.6
Lourdes Public Charter School,School Site:ATM-02,,44.7225,-122.6898,188.3,2018-11-22 19:44:53,2018-11-22 11:49:00,2018-11-22 19:56:00,9.2,8.9,12.2
Lourdes Public Charter School,School Site:ATM-02,,44.7225,-122.6898,188.3,2018-11-21 19:44:49,2018-11-21 11:49:00,2018-11-21 19:56:00,8.8,3.1,11.4
Lourdes Public Charter School,School Site:ATM-02,,44.7225,-122.6898,188.3,2018-11-20 19:44:41,2018-11-20 11:49:00,2018-11-20 19:56:00,9.8,-0.1,13.4
Lourdes Public Charter School,School Site:ATM-02,,44.7225,-122.6898,188.3,2018-11-19 19:44:39,2018-11-19 11:49:00,2018-11-19 19:56:00,8.5,0.3,14.1
Lourdes Public Charter School,School Site:ATM-02,,44.7225,-122.6898,188.3,2018-11-18 19:44:46,2018-11-18 11:50:00,2018-11-18 19:55:00,11.8,0.2,19.0
Lourdes Public Charter School,School Site:ATM-02,,44.7225,-122.6898,188.3,2018-11-17 19:44:48,2018-11-17 11:50:00,2018-11-17 19:55:00,16.2,5.5,16.2
Lourdes Public Charter School,School Site:ATM-02,,44.7225,-122.6898,188.3,2018-11-16 19:44:42,2018-11-16 11:50:00,2018-11-16 19:55:00,8.4,2.4,9.1
Lourdes Public Charter School,School Site:ATM-02,,44.7225,-122.6898,188.3,2018-11-15 19:44:37,2018-11-15 11:50:00,2018-11-15 19:55:00,7.5,5.2,14.1
Lourdes Public Charter School,School Site:ATM-02,,44.7225,-122.6898,188.3,2018-11-14 19:44:49,2018-11-14 11:51:00,2018-11-14 19:55:00,12.7,2.1,12.7
Lourdes Public Charter School,School Site:ATM-02,,44.7225,-122.6898,188.3,2018-11-13 19:44:50,2018-11-13 11:51:00,2018-11-13 19:54:00,8.0,0.6,15.7
Lourdes Public Charter School,School Site:ATM-02,,44.7225,-122.6898,188.3,2018-11-12 19:44:49,2018-11-12 11:51:00,2018-11-12 19:54:00,9.9,0.3,15.1
Lourdes Public Charter School,School Site:ATM-02,,44.7225,-122.6898,188.3,2018-11-11 19:44:45,2018-11-11 11:51:00,2018-11-11 19:54:00,10.8,-1.6,10.8
Lourdes Public Charter School,School Site:ATM-02,,44.7225,-122.6898,188.3,2018-11-10 19:44:51,2018-11-10 11:51:00,2018-11-10 19:54:00,7.8,-0.5,11.6
Lourdes Public Charter School,School Site:ATM-02,,44.7225,-122.6898,188.3,2018-11-09 19:44:48,2018-11-09 11:52:00,2018-11-09 19:54:00,8.8,-2.2,12.2
Lourdes Public Charter School,School Site:ATM-02,,44.7225,-122.6898,188.3,2018-11-08 19:44:52,2018-11-08 11:52:00,2018-11-08 19:54:00,3.7,-0.5,12.5
Lourdes Public Charter School,School Site:ATM-02,,44.7225,-122.6898,188.3,2018-11-07 19:44:47,2018-11-07 11:52:00,2018-11-07 19:54:00,9.9,1.9,16.8
Lourdes Public Charter School,School Site:ATM-02,,44.7225,-122.6898,188.3,2018-11-06 19:44:46,2018-11-06 11:52:00,2018-11-06 19:54:00,13.0,6.0,14.7
Lourdes Public Charter School,School Site:ATM-02,,44.7225,-122.6898,188.3,2018-11-05 19:44:50,2018-11-05 11:52:00,2018-11-05 19:54:00,13.4,9.5,16.3
Lourdes Public Charter School,School Site:ATM-02,,44.7225,-122.6898,188.3,2018-11-03 19:44:33,2018-11-03 11:52:00,2018-11-03 19:54:00,12.6,7.0,17.5
Lourdes Public Charter School,School Site:ATM-02,,44.7225,-122.6898,188.3,2018-11-02 19:44:50,2018-11-02 11:52:00,2018-11-02 19:54:00,16.5,12.4,17.5
Lourdes Public Charter School,School Site:ATM-02,,44.7225,-122.6898,188.3,2018-11-01 19:45:00,2018-11-01 11:52:00,2018-11-01 19:54:00,16.3,12.7,16.6
Lourdes Public Charter School,School Site:ATM-02,,44.7225,-122.6898,188.3,2018-10-31 19:44:42,2018-10-31 11:52:00,2018-10-31 19:54:00,12.6,9.3,13.5
Lourdes Public Charter School,School Site:ATM-02,,44.7225,-122.6898,188.3,2018-10-30 19:44:48,2018-10-30 11:52:00,2018-10-30 19:54:00,12.5,4.8,14.6
Lourdes Public Charter School,School Site:ATM-02,,44.7225,-122.6898,188.3,2018-10-29 19:44:50,2018-10-29 11:52:00,2018-10-29 19:54:00,13.9,8.7,17.0
Lourdes Public Charter School,School Site:ATM-02,,44.7225,-122.6898,188.3,2018-10-28 19:59:50,2018-10-28 12:07:00,2018-10-28 19:54:00,13.6,10.6,20.4
Lourdes Public Charter School,School Site:ATM-02,,44.7225,-122.6898,188.3,2018-10-27 19:44:50,2018-10-27 11:52:00,2018-10-27 19:54:00,18.0,11.1,18.8
Lourdes Public Charter School,School Site:ATM-02,,44.7225,-122.6898,188.3,2018-10-26 19:44:46,2018-10-26 11:52:00,2018-10-26 19:54:00,16.4,12.3,17.9
Lourdes Public Charter School,School Site:ATM-02,,44.7225,-122.6898,188.3,2018-10-25 19:44:49,2018-10-25 11:52:00,2018-10-25 19:54:00,17.4,9.1,17.4
Lourdes Public Charter School,School Site:ATM-02,,44.7225,-122.6898,188.3,2018-10-24 19:44:48,2018-10-24 11:52:00,2018-10-24 19:54:00,15.2,9.0,15.8
Lourdes Public Charter School,School Site:ATM-02,,44.7225,-122.6898,188.3,2018-10-23 19:44:42,2018-10-23 11:51:00,2018-10-23 19:55:00,15.2,6.1,22.6
Lourdes Public Charter School,School Site:ATM-02,,44.7225,-122.6898,188.3,2018-10-22 19:44:40,2018-10-22 11:51:00,2018-10-22 19:55:00,16.3,7.1,20.2
Lourdes Public Charter School,School Site:ATM-02,,44.7225,-122.6898,188.3,2018-10-21 19:44:38,2018-10-21 11:51:00,2018-10-21 19:55:00,18.4,6.1,22.4
Lourdes Public Charter School,School Site:ATM-02,,44.7225,-122.6898,188.3,2018-10-20 19:44:51,2018-10-20 11:51:00,2018-10-20 19:55:00,17.5,5.6,22.9
Lourdes Public Charter School,School Site:ATM-02,,44.7225,-122.6898,188.3,2018-10-19 19:44:48,2018-10-19 11:51:00,2018-10-19 19:55:00,19.0,6.0,24.5
Lourdes Public Charter School,School Site:ATM-02,,44.7225,-122.6898,188.3,2018-10-18 19:44:53,2018-10-18 11:51:00,2018-10-18 19:55:00,19.9,6.4,26.4
Lourdes Public Charter School,School Site:ATM-02,,44.7225,-122.6898,188.3,2018-10-17 19:44:51,2018-10-17 11:51:00,2018-10-17 19:56:00,21.7,7.9,29.2
Lourdes Public Charter School,School Site:ATM-02,,44.7225,-122.6898,188.3,2018-10-16 19:44:47,2018-10-16 11:50:00,2018-10-16 19:56:00,20.3,6.6,25.4
Lourdes Public Charter School,School Site:ATM-02,,44.7225,-122.6898,188.3,2018-10-15 19:44:51,2018-10-15 11:50:00,2018-10-15 19:56:00,19.5,4.6,24.0
Lourdes Public Charter School,School Site:ATM-02,,44.7225,-122.6898,188.3,2018-10-14 19:46:24,2018-10-14 11:51:00,2018-10-14 19:56:00,23.8,6.2,25.9
Lourdes Public Charter School,School Site:ATM-02,,44.7225,-122.6898,188.3,2018-10-13 19:44:52,2018-10-13 11:50:00,2018-10-13 19:56:00,22.4,4.3,23.2
Lourdes Public Charter School,School Site:ATM-02,,44.7225,-122.6898,188.3,2018-10-12 19:44:48,2018-10-12 11:49:00,2018-10-12 19:57:00,18.3,4.9,22.2
Lourdes Public Charter School,School Site:ATM-02,,44.7225,-122.6898,188.3,2018-10-11 19:44:51,2018-10-11 11:49:00,2018-10-11 19:57:00,18.5,3.9,18.6
Lourdes Public Charter School,School Site:ATM-02,,44.7225,-122.6898,188.3,2018-10-03 19:45:38,2018-10-03 11:47:00,2018-10-03 19:59:00,16.7,4.1,20.9
Lourdes Public Charter School,School Site:ATM-02,,44.7225,-122.6898,188.3,2018-10-02 19:44:50,2018-10-02 11:46:00,2018-10-02 20:00:00,19.7,13.6,23.9
Lourdes Public Charter School,School Site:ATM-02,,44.7225,-122.6898,188.3,2018-10-01 19:44:52,2018-10-01 11:46:00,2018-10-01 20:00:00,21.5,14.9,23.0
Lourdes Public Charter School,School Site:ATM-02,,44.7225,-122.6898,188.3,2018-09-30 19:44:52,2018-09-30 11:45:00,2018-09-30 20:00:00,20.1,11.6,21.7
Lourdes Public Charter School,School Site:ATM-02,,44.7225,-122.6898,188.3,2018-09-29 19:46:40,2018-09-29 11:47:00,2018-09-29 20:01:00,18.9,10.7,30.3
Lourdes Public Charter School,School Site:ATM-02,,44.7225,-122.6898,188.3,2018-09-28 19:44:50,2018-09-28 11:45:00,2018-09-28 20:01:00,25.6,10.8,30.1
Lourdes Public Charter School,School Site:ATM-02,,44.7225,-122.6898,188.3,2018-09-27 19:44:52,2018-09-27 11:44:00,2018-09-27 20:01:00,25.1,10.2,29.8
Lourdes Public Charter School,School Site:ATM-02,,44.7225,-122.6898,188.3,2018-09-25 19:59:49,2018-09-25 11:58:00,2018-09-25 20:02:00,23.2,5.4,23.2
Lourdes Public Charter School,School Site:ATM-02,,44.7225,-122.6898,188.3,2018-09-24 19:59:50,2018-09-24 11:58:00,2018-09-24 20:02:00,19.5,4.3,21.5
Lourdes Public Charter School,School Site:ATM-02,,44.7225,-122.6898,188.3,2018-09-23 19:59:54,2018-09-23 11:58:00,2018-09-23 20:03:00,19.3,7.4,19.4
Lourdes Public Charter School,School Site:ATM-02,,44.7225,-122.6898,188.3,2018-09-22 19:59:46,2018-09-22 11:57:00,2018-09-22 20:03:00,18.6,13.9,24.4
Lourdes Public Charter School,School Site:ATM-02,,44.7225,-122.6898,188.3,2018-09-21 19:59:42,2018-09-21 11:57:00,2018-09-21 20:03:00,21.6,8.0,24.8
Lourdes Public Charter School,School Site:ATM-02,,44.7225,-122.6898,188.3,2018-09-20 19:59:45,2018-09-20 11:56:00,2018-09-20 20:04:00,22.2,8.2,22.7
Lourdes Public Charter School,School Site:ATM-02,,44.7225,-122.6898,188.3,2018-09-19 19:59:50,2018-09-19 11:56:00,2018-09-19 20:04:00,19.0,6.0,22.6
Lourdes Public Charter School,School Site:ATM-02,,44.7225,-122.6898,188.3,2018-09-18 19:59:50,2018-09-18 11:56:00,2018-09-18 20:04:00,20.2,7.2,20.7
Lourdes Public Charter School,School Site:ATM-02,,44.7225,-122.6898,188.3,2018-09-17 19:59:39,2018-09-17 11:55:00,2018-09-17 20:05:00,17.5,7.5,17.5
Lourdes Public Charter School,School Site:ATM-02,,44.7225,-122.6898,188.3,2018-09-16 19:59:48,2018-09-16 11:55:00,2018-09-16 20:05:00,12.8,11.9,20.6
Lourdes Public Charter School,School Site:ATM-02,,44.7225,-122.6898,188.3,2018-09-15 19:59:37,2018-09-15 11:54:00,2018-09-15 20:06:00,16.8,7.5,21.7
Lourdes Public Charter School,School Site:ATM-02,,44.7225,-122.6898,188.3,2018-09-14 19:59:44,2018-09-14 11:54:00,2018-09-14 20:06:00,18.1,7.1,20.6
Lourdes Public Charter School,School Site:ATM-02,,44.7225,-122.6898,188.3,2018-09-13 19:59:50,2018-09-13 11:53:00,2018-09-13 20:06:00,18.1,9.7,18.9
Lourdes Public Charter School,School Site:ATM-02,,44.7225,-122.6898,188.3,2018-09-12 19:59:49,2018-09-12 11:53:00,2018-09-12 20:07:00,18.0,11.4,20.4
Lourdes Public Charter School,School Site:ATM-02,,44.7225,-122.6898,188.3,2018-09-11 20:14:45,2018-09-11 12:07:00,2018-09-11 20:07:00,19.4,12.6,24.0
Lourdes Public Charter School,School Site:ATM-02,,44.7225,-122.6898,188.3,2018-09-10 20:14:41,2018-09-10 12:07:00,2018-09-10 20:07:00,23.4,12.6,25.3
Lourdes Public Charter School,School Site:ATM-02,,44.7225,-122.6898,188.3,2018-09-09 20:14:39,2018-09-09 12:07:00,2018-09-09 20:08:00,22.1,9.0,24.4
Lourdes Public Charter School,School Site:ATM-02,,44.7225,-122.6898,188.3,2018-09-08 20:14:49,2018-09-08 12:06:00,2018-09-08 20:08:00,21.8,14.3,27.8
Lourdes Public Charter School,School Site:ATM-02,,44.7225,-122.6898,188.3,2018-09-07 20:14:45,2018-09-07 12:06:00,2018-09-07 20:08:00,25.4,10.0,29.3
Lourdes Public Charter School,School Site:ATM-02,,44.7225,-122.6898,188.3,2018-09-06 20:14:49,2018-09-06 12:05:00,2018-09-06 20:09:00,26.2,12.1,31.0
Lourdes Public Charter School,School Site:ATM-02,,44.7225,-122.6898,188.3,2018-09-05 20:15:28,2018-09-05 12:06:00,2018-09-05 20:09:00,26.7,9.7,28.0
Lourdes Public Charter School,School Site:ATM-02,,44.7225,-122.6898,188.3,2018-09-04 20:14:52,2018-09-04 12:05:00,2018-09-04 20:09:00,24.5,6.7,27.1
Lourdes Public Charter School,School Site:ATM-02,,44.7225,-122.6898,188.3,2018-09-03 20:14:53,2018-09-03 12:04:00,2018-09-03 20:10:00,24.0,9.0,27.9
Lourdes Public Charter School,School Site:ATM-02,,44.7225,-122.6898,188.3,2018-09-02 20:14:37,2018-09-02 12:04:00,2018-09-02 20:10:00,23.8,8.1,24.7
Lourdes Public Charter School,School Site:ATM-02,,44.7225,-122.6898,188.3,2018-09-01 20:14:35,2018-09-01 12:03:00,2018-09-01 20:10:00,22.3,8.7,27.2
Lourdes Public Charter School,School Site:ATM-02,,44.7225,-122.6898,188.3,2018-08-31 20:14:46,2018-08-31 12:03:00,2018-08-31 20:11:00,23.6,12.4,23.9
Lourdes Public Charter School,School Site:ATM-02,,44.7225,-122.6898,188.3,2018-08-30 20:14:44,2018-08-30 12:03:00,2018-08-30 20:11:00,19.4,11.6,29.8
Lourdes Public Charter School,School Site:ATM-02,,44.7225,-122.6898,188.3,2018-08-29 20:14:49,2018-08-29 12:02:00,2018-08-29 20:11:00,26.8,11.9,31.8
Lourdes Public Charter School,School Site:ATM-02,,44.7225,-122.6898,188.3,2018-08-28 20:14:48,2018-08-28 12:02:00,2018-08-28 20:12:00,27.7,10.0,27.4
Lourdes Public Charter School,School Site:ATM-02,,44.7225,-122.6898,188.3,2018-08-27 20:14:46,2018-08-27 12:02:00,2018-08-27 20:12:00,21.5,14.9,21.9
Lourdes Public Charter School,School Site:ATM-02,,44.7225,-122.6898,188.3,2018-08-26 20:14:50,2018-08-26 12:01:00,2018-08-26 20:12:00,18.6,14.1,25.1
Lourdes Public Charter School,School Site:ATM-02,,44.7225,-122.6898,188.3,2018-08-25 20:14:46,2018-08-25 12:01:00,2018-08-25 20:12:00,20.7,7.4,23.6
Lourdes Public Charter School,School Site:ATM-02,,44.7225,-122.6898,188.3,2018-08-24 20:14:45,2018-08-24 12:01:00,2018-08-24 20:13:00,21.1,11.1,23.9
Lourdes Public Charter School,School Site:ATM-02,,44.7225,-122.6898,188.3,2018-08-23 20:14:52,2018-08-23 12:00:00,2018-08-23 20:13:00,16.2,12.8,33.5
Lourdes Public Charter School,School Site:ATM-02,,44.7225,-122.6898,188.3,2018-08-22 20:14:40,2018-08-22 12:00:00,2018-08-22 20:13:00,29.2,14.7,36.7
Lourdes Public Charter School,School Site:ATM-02,,44.7225,-122.6898,188.3,2018-08-21 20:14:46,2018-08-21 12:00:00,2018-08-21 20:13:00,35.0,15.0,35.7
Lourdes Public Charter School,School Site:ATM-02,,44.7225,-122.6898,188.3,2018-08-20 20:14:47,2018-08-20 12:00:00,2018-08-20 20:14:00,24.1,13.0,31.4
Lourdes Public Charter School,School Site:ATM-02,,44.7225,-122.6898,188.3,2018-08-19 20:14:52,2018-08-19 11:59:00,2018-08-19 20:14:00,28.8,12.5,30.9
Lourdes Public Charter School,School Site:ATM-02,,44.7225,-122.6898,188.3,2018-08-18 20:14:37,2018-08-18 11:59:00,2018-08-18 20:14:00,26.5,8.6,28.0
Lourdes Public Charter School,School Site:ATM-02,,44.7225,-122.6898,188.3,2018-08-17 20:14:46,2018-08-17 11:59:00,2018-08-17 20:14:00,24.2,10.8,28.1
Lourdes Public Charter School,School Site:ATM-02,,44.7225,-122.6898,188.3,2018-08-16 20:14:50,2018-08-16 11:59:00,2018-08-16 20:15:00,23.3,14.2,30.2
Lourdes Public Charter School,School Site:ATM-02,,44.7225,-122.6898,188.3,2018-08-15 20:14:38,2018-08-15 11:58:00,2018-08-15 20:15:00,25.3,14.7,33.2
Lourdes Public Charter School,School Site:ATM-02,,44.7225,-122.6898,188.3,2018-08-14 20:14:50,2018-08-14 11:58:00,2018-08-14 20:15:00,28.3,14.2,31.8
Lourdes Public Charter School,School Site:ATM-02,,44.7225,-122.6898,188.3,2018-08-13 20:14:49,2018-08-13 11:58:00,2018-08-13 20:15:00,26.3,12.2,28.1
Lourdes Public Charter School,School Site:ATM-02,,44.7225,-122.6898,188.3,2018-08-12 20:14:50,2018-08-12 11:58:00,2018-08-12 20:15:00,25.5,11.2,25.5
Lourdes Public Charter School,School Site:ATM-02,,44.7225,-122.6898,188.3,2018-08-11 20:14:43,2018-08-11 11:57:00,2018-08-11 20:15:00,21.6,16.7,32.0
Lourdes Public Charter School,School Site:ATM-02,,44.7225,-122.6898,188.3,2018-08-10 20:14:40,2018-08-10 11:57:00,2018-08-10 20:16:00,29.0,15.3,36.0
Lourdes Public Charter School,School Site:ATM-02,,44.7225,-122.6898,188.3,2018-08-09 20:14:50,2018-08-09 11:57:00,2018-08-09 20:16:00,31.4,16.1,33.3
Lourdes Public Charter School,School Site:ATM-02,,44.7225,-122.6898,188.3,2018-08-08 20:14:45,2018-08-08 11:57:00,2018-08-08 20:16:00,29.2,16.9,34.7
Lourdes Public Charter School,School Site:ATM-02,,44.7225,-122.6898,188.3,2018-08-07 20:14:48,2018-08-07 11:57:00,2018-08-07 20:16:00,29.2,15.3,32.8
Lourdes Public Charter School,School Site:ATM-02,,44.7225,-122.6898,188.3,2018-08-06 20:14:45,2018-08-06 11:57:00,2018-08-06 20:16:00,27.3,14.1,31.6
Lourdes Public Charter School,School Site:ATM-02,,44.7225,-122.6898,188.3,2018-08-05 20:14:48,2018-08-05 11:57:00,2018-08-05 20:16:00,28.1,12.4,30.7
Lourdes Public Charter School,School Site:ATM-02,,44.7225,-122.6898,188.3,2018-08-04 20:14:49,2018-08-04 11:57:00,2018-08-04 20:16:00,28.3,11.3,28.3
Lourdes Public Charter School,School Site:ATM-02,,44.7225,-122.6898,188.3,2018-08-03 20:14:50,2018-08-03 11:56:00,2018-08-03 20:16:00,22.4,15.1,24.1
Lourdes Public Charter School,School Site:ATM-02,,44.7225,-122.6898,188.3,2018-08-02 20:14:36,2018-08-02 11:56:00,2018-08-02 20:17:00,17.1,12.7,31.5
Lourdes Public Charter School,School Site:ATM-02,,44.7225,-122.6898,188.3,2018-08-01 20:14:50,2018-08-01 11:56:00,2018-08-01 20:17:00,26.7,12.6,32.3
Lourdes Public Charter School,School Site:ATM-02,,44.7225,-122.6898,188.3,2018-07-31 20:14:51,2018-07-31 11:56:00,2018-07-31 20:17:00,27.7,14.0,32.1
Lourdes Public Charter School,School Site:ATM-02,,44.7225,-122.6898,188.3,2018-07-30 20:14:48,2018-07-30 11:56:00,2018-07-30 20:17:00,27.7,16.9,37.5
Lourdes Public Charter School,School Site:ATM-02,,44.7225,-122.6898,188.3,2018-07-29 20:14:49,2018-07-29 11:56:00,2018-07-29 20:17:00,32.6,14.6,33.9
Lourdes Public Charter School,School Site:ATM-02,,44.7225,-122.6898,188.3,2018-07-28 20:14:49,2018-07-28 11:56:00,2018-07-28 20:17:00,27.8,12.2,32.6
Lourdes Public Charter School,School Site:ATM-02,,44.7225,-122.6898,188.3,2018-07-27 20:14:38,2018-07-27 11:56:00,2018-07-27 20:17:00,29.2,13.8,37.1
Lourdes Public Charter School,School Site:ATM-02,,44.7225,-122.6898,188.3,2018-06-17 20:14:53,2018-06-17 12:03:00,2018-06-17 20:11:00,27.9,10.0,27.7
Lourdes Public Charter School,School Site:ATM-02,,44.7225,-122.6898,188.3,2018-06-16 20:14:35,2018-06-16 12:03:00,2018-06-16 20:11:00,20.1,11.4,20.9
Lourdes Public Charter School,School Site:ATM-02,,44.7225,-122.6898,188.3,2018-06-15 20:15:01,2018-06-15 12:04:00,2018-06-15 20:11:00,18.1,7.1,20.6
Lourdes Public Charter School,School Site:ATM-02,,44.7225,-122.6898,188.3,2018-06-14 20:14:54,2018-06-14 12:04:00,2018-06-14 20:11:00,17.8,11.2,20.0
Lourdes Public Charter School,School Site:ATM-02,,44.7225,-122.6898,188.3,2018-06-13 20:14:49,2018-06-13 12:04:00,2018-06-13 20:10:00,15.0,9.9,27.8
Lourdes Public Charter School,School Site:ATM-02,,44.7225,-122.6898,188.3,2018-06-12 20:15:00,2018-06-12 12:04:00,2018-06-12 20:10:00,22.2,6.7,22.0
Lourdes Public Charter School,School Site:ATM-02,,44.7225,-122.6898,188.3,2018-06-11 20:14:52,2018-06-11 12:04:00,2018-06-11 20:10:00,19.3,10.0,20.8
Lourdes Public Charter School,School Site:ATM-02,,44.7225,-122.6898,188.3,2018-06-10 20:14:48,2018-06-10 12:04:00,2018-06-10 20:10:00,13.6,7.6,15.9
Lourdes Public Charter School,School Site:ATM-02,,44.7225,-122.6898,188.3,2018-06-09 20:14:43,2018-06-09 12:05:00,2018-06-09 20:10:00,13.8,8.1,19.2
Lourdes Public Charter School,School Site:ATM-02,,44.7225,-122.6898,188.3,2018-06-08 20:14:54,2018-06-08 12:05:00,2018-06-08 20:09:00,19.2,11.5,21.1
Lourdes Public Charter School,School Site:ATM-02,,44.7225,-122.6898,188.3,2018-06-07 20:14:51,2018-06-07 12:05:00,2018-06-07 20:09:00,16.4,11.6,25.7
Lourdes Public Charter School,School Site:ATM-02,,44.7225,-122.6898,188.3,2018-06-06 20:14:49,2018-06-06 12:05:00,2018-06-06 20:09:00,22.3,7.1,22.0
Lourdes Public Charter School,School Site:ATM-02,,44.7225,-122.6898,188.3,2018-06-05 20:14:47,2018-06-05 12:06:00,2018-06-05 20:09:00,18.7,5.7,22.6
Lourdes Public Charter School,School Site:ATM-02,,44.7225,-122.6898,188.3,2018-06-04 20:14:48,2018-06-04 12:06:00,2018-06-04 20:09:00,20.2,10.6,22.8
Lourdes Public Charter School,School Site:ATM-02,,44.7225,-122.6898,188.3,2018-06-03 20:14:44,2018-06-03 12:06:00,2018-06-03 20:08:00,20.7,9.7,27.2
Lourdes Public Charter School,School Site:ATM-02,,44.7225,-122.6898,188.3,2018-06-02 20:14:48,2018-06-02 12:06:00,2018-06-02 20:08:00,25.2,7.2,24.1
Lourdes Public Charter School,School Site:ATM-02,,44.7225,-122.6898,188.3,2018-06-01 20:14:52,2018-06-01 12:06:00,2018-06-01 20:08:00,19.2,5.9,18.5
Lourdes Public Charter School,School Site:ATM-02,,44.7225,-122.6898,188.3,2018-05-31 20:14:43,2018-05-31 12:06:00,2018-05-31 20:08:00,14.3,9.1,19.5
Lourdes Public Charter School,School Site:ATM-02,,44.7225,-122.6898,188.3,2018-05-30 20:14:47,2018-05-30 12:07:00,2018-05-30 20:08:00,15.8,4.2,18.7
Lourdes Public Charter School,School Site:ATM-02,,44.7225,-122.6898,188.3,2018-05-29 20:14:52,2018-05-29 12:07:00,2018-05-29 20:08:00,15.0,8.4,23.4
Lourdes Public Charter School,School Site:ATM-02,,44.7225,-122.6898,188.3,2018-05-28 20:14:43,2018-05-28 12:07:00,2018-05-28 20:08:00,21.7,8.8,24.7
Lourdes Public Charter School,School Site:ATM-02,,44.7225,-122.6898,188.3,2018-05-27 20:14:43,2018-05-27 12:07:00,2018-05-27 20:07:00,21.5,6.8,21.4
Lourdes Public Charter School,School Site:ATM-02,,44.7225,-122.6898,188.3,2018-05-26 20:14:53,2018-05-26 12:07:00,2018-05-26 20:07:00,17.9,8.6,18.9
Lourdes Public Charter School,School Site:ATM-02,,44.7225,-122.6898,188.3,2018-05-25 20:14:42,2018-05-25 12:07:00,2018-05-25 20:07:00,15.0,12.8,22.3
Lourdes Public Charter School,School Site:ATM-02,,44.7225,-122.6898,188.3,2018-05-24 19:59:49,2018-05-24 11:52:00,2018-05-24 20:07:00,18.3,12.1,22.7
Lourdes Public Charter School,School Site:ATM-02,,44.7225,-122.6898,188.3,2018-05-23 19:59:27,2018-05-23 11:52:00,2018-05-23 20:07:00,19.2,11.0,27.8
Lourdes Public Charter School,School Site:ATM-02,,44.7225,-122.6898,188.3,2018-05-22 19:59:36,2018-05-22 11:52:00,2018-05-22 20:07:00,25.2,8.8,25.0
Lourdes Public Charter School,School Site:ATM-02,,44.7225,-122.6898,188.3,2018-05-21 19:59:41,2018-05-21 11:53:00,2018-05-21 20:07:00,19.1,6.4,20.6
Lourdes Public Charter School,School Site:ATM-02,,44.7225,-122.6898,188.3,2018-05-20 19:59:35,2018-05-20 11:53:00,2018-05-20 20:07:00,15.7,9.7,20.0
Lourdes Public Charter School,School Site:ATM-02,,44.7225,-122.6898,188.3,2018-05-19 19:59:42,2018-05-19 11:53:00,2018-05-19 20:07:00,16.2,11.2,21.5
Lourdes Public Charter School,School Site:ATM-02,,44.7225,-122.6898,188.3,2018-05-18 19:59:53,2018-05-18 11:53:00,2018-05-18 20:07:00,16.2,7.2,20.1
Lourdes Public Charter School,School Site:ATM-02,,44.7225,-122.6898,188.3,2018-05-17 19:59:40,2018-05-17 11:53:00,2018-05-17 20:07:00,14.7,10.5,17.5
Lourdes Public Charter School,School Site:ATM-02,,44.7225,-122.6898,188.3,2018-05-16 19:59:46,2018-05-16 11:53:00,2018-05-16 20:07:00,16.5,11.4,21.3
Lourdes Public Charter School,School Site:ATM-02,,44.7225,-122.6898,188.3,2018-05-15 19:59:41,2018-05-15 11:53:00,2018-05-15 20:07:00,14.7,9.6,28.0
Lourdes Public Charter School,School Site:ATM-02,,44.7225,-122.6898,188.3,2018-05-14 19:59:45,2018-05-14 11:53:00,2018-05-14 20:07:00,21.1,9.6,29.8
Lourdes Public Charter School,School Site:ATM-02,,44.7225,-122.6898,188.3,2018-05-13 19:59:41,2018-05-13 11:53:00,2018-05-13 20:07:00,24.1,9.7,24.8
Lourdes Public Charter School,School Site:ATM-02,,44.7225,-122.6898,188.3,2018-05-12 19:59:55,2018-05-12 11:53:00,2018-05-12 20:07:00,16.7,6.5,18.3
Lourdes Public Charter School,School Site:ATM-02,,44.7225,-122.6898,188.3,2018-05-11 19:59:50,2018-05-11 11:53:00,2018-05-11 20:07:00,13.0,8.2,17.1
Lourdes Public Charter School,School Site:ATM-02,,44.7225,-122.6898,188.3,2018-05-10 19:59:53,2018-05-10 11:53:00,2018-05-10 20:07:00,15.8,9.8,18.0
Lourdes Public Charter School,School Site:ATM-02,,44.7225,-122.6898,188.3,2018-05-09 19:59:50,2018-05-09 11:53:00,2018-05-09 20:07:00,16.6,12.1,22.5
Lourdes Public Charter School,School Site:ATM-02,,44.7225,-122.6898,188.3,2018-05-08 19:59:36,2018-05-08 11:53:00,2018-05-08 20:07:00,21.4,9.3,22.6
Lourdes Public Charter School,School Site:ATM-02,,44.7225,-122.6898,188.3,2018-05-07 19:59:43,2018-05-07 11:53:00,2018-05-07 20:07:00,17.3,10.9,18.9
Lourdes Public Charter School,School Site:ATM-02,,44.7225,-122.6898,188.3,2018-05-06 19:59:47,2018-05-06 11:53:00,2018-05-06 20:07:00,14.0,11.9,23.5
Lourdes Public Charter School,School Site:ATM-02,,44.7225,-122.6898,188.3,2018-05-05 19:59:45,2018-05-05 11:52:00,2018-05-05 20:07:00,20.4,8.6,20.5
Lourdes Public Charter School,School Site:ATM-02,,44.7225,-122.6898,188.3,2018-05-04 20:14:52,2018-05-04 12:07:00,2018-05-04 20:07:00,14.3,9.1,23.4
Lourdes Public Charter School,School Site:ATM-02,,44.7225,-122.6898,188.3,2018-05-03 20:14:38,2018-05-03 12:07:00,2018-05-03 20:07:00,20.7,7.0,22.5
Lourdes Public Charter School,School Site:ATM-02,,44.7225,-122.6898,188.3,2018-05-02 20:14:36,2018-05-02 12:07:00,2018-05-02 20:07:00,17.3,3.2,16.9
Lourdes Public Charter School,School Site:ATM-02,,44.7225,-122.6898,188.3,2018-05-01 20:14:33,2018-05-01 12:07:00,2018-05-01 20:07:00,11.9,6.4,13.1
Lourdes Public Charter School,School Site:ATM-02,,44.7225,-122.6898,188.3,2018-04-30 20:14:46,2018-04-30 12:07:00,2018-04-30 20:07:00,10.1,6.7,16.2
Lourdes Public Charter School,School Site:ATM-02,,44.7225,-122.6898,188.3,2018-04-29 20:14:51,2018-04-29 12:07:00,2018-04-29 20:08:00,16.2,8.2,16.1
Lourdes Public Charter School,School Site:ATM-02,,44.7225,-122.6898,188.3,2018-04-28 20:15:17,2018-04-28 12:07:00,2018-04-28 20:08:00,13.5,6.2,15.0
Lourdes Public Charter School,School Site:ATM-02,,44.7225,-122.6898,188.3,2018-04-27 20:14:53,2018-04-27 12:06:00,2018-04-27 20:08:00,9.3,8.6,22.1
Lourdes Public Charter School,School Site:ATM-02,,44.7225,-122.6898,188.3,2018-04-26 20:14:47,2018-04-26 12:06:00,2018-04-26 20:08:00,19.7,10.2,27.9
Lourdes Public Charter School,School Site:ATM-02,,44.7225,-122.6898,188.3,2018-04-23 19:26:23,2018-04-23 11:17:00,2018-04-23 20:09:00,24.2,2.7,24.2
Lourdes Public Charter School,School Site:ATM-02,,44.7225,-122.6898,188.3,2018-04-22 20:14:50,2018-04-22 12:05:00,2018-04-22 20:09:00,13.6,0.4,15.9
Lourdes Public Charter School,School Site:ATM-02,,44.7225,-122.6898,188.3,2018-04-21 20:14:50,2018-04-21 12:05:00,2018-04-21 20:09:00,15.1,7.7,19.3
Lourdes Public Charter School,School Site:ATM-02,,44.7225,-122.6898,188.3,2018-04-20 20:14:38,2018-04-20 12:05:00,2018-04-20 20:09:00,15.2,1.7,18.1
Lourdes Public Charter School,School Site:ATM-02,,44.7225,-122.6898,188.3,2018-04-19 20:14:40,2018-04-19 12:04:00,2018-04-19 20:09:00,15.2,1.3,15.8
Lourdes Public Charter School,School Site:ATM-02,,44.7225,-122.6898,188.3,2018-04-18 20:15:26,2018-04-18 12:05:00,2018-04-18 20:10:00,9.3,3.1,11.4
Lourdes Public Charter School,School Site:ATM-02,,44.7225,-122.6898,188.3,2018-04-17 20:14:50,2018-04-17 12:04:00,2018-04-17 20:10:00,9.8,4.4,9.7
Lourdes Public Charter School,School Site:ATM-02,,44.7225,-122.6898,188.3,2018-04-16 20:14:51,2018-04-16 12:04:00,2018-04-16 20:10:00,4.9,3.2,11.2
Lourdes Public Charter School,School Site:ATM-02,,44.7225,-122.6898,188.3,2018-04-15 20:14:53,2018-04-15 12:04:00,2018-04-15 20:10:00,7.6,7.2,14.9
Lourdes Public Charter School,School Site:ATM-02,,44.7225,-122.6898,188.3,2018-04-14 20:14:49,2018-04-14 12:03:00,2018-04-14 20:11:00,13.6,8.0,12.9
Lourdes Public Charter School,School Site:ATM-02,,44.7225,-122.6898,188.3,2018-04-13 20:14:48,2018-04-13 12:03:00,2018-04-13 20:11:00,9.5,3.9,9.3
Lourdes Public Charter School,School Site:ATM-02,,44.7225,-122.6898,188.3,2018-04-12 20:14:53,2018-04-12 12:03:00,2018-04-12 20:11:00,6.0,3.2,15.0
Lourdes Public Charter School,School Site:ATM-02,,44.7225,-122.6898,188.3,2018-04-11 20:14:48,2018-04-11 12:02:00,2018-04-11 20:11:00,15.0,6.2,16.5
Lourdes Public Charter School,School Site:ATM-02,,44.7225,-122.6898,188.3,2018-10-10 19:44:41,2018-10-10 11:49:00,2018-10-10 19:57:00,11.8,6.4,19.1
Lourdes Public Charter School,School Site:ATM-02,,44.7225,-122.6898,188.3,2018-10-09 19:44:49,2018-10-09 11:48:00,2018-10-09 19:58:00,15.9,12.4,16.7
Lourdes Public Charter School,School Site:ATM-02,,44.7225,-122.6898,188.3,2018-10-08 19:44:50,2018-10-08 11:48:00,2018-10-08 19:58:00,14.9,11.6,15.6
Lourdes Public Charter School,School Site:ATM-02,,44.7225,-122.6898,188.3,2018-10-07 19:44:46,2018-10-07 11:48:00,2018-10-07 19:58:00,13.2,5.5,16.6
Lourdes Public Charter School,School Site:ATM-02,,44.7225,-122.6898,188.3,2018-10-06 19:44:50,2018-10-06 11:48:00,2018-10-06 19:58:00,13.4,11.4,13.8
Lourdes Public Charter School,School Site:ATM-02,,44.7225,-122.6898,188.3,2018-10-05 19:44:49,2018-10-05 11:47:00,2018-10-05 19:59:00,13.5,5.1,19.4
Lourdes Public Charter School,School Site:ATM-02,,44.7225,-122.6898,188.3,2018-10-04 19:44:46,2018-10-04 11:47:00,2018-10-04 19:59:00,15.5,7.8,19.8
